"location_name","location_id","peak_bed_day_mean","peak_bed_day_lower","peak_bed_day_upper","peak_icu_bed_day_mean","peak_icu_bed_day_lower","peak_icu_bed_day_upper","peak_vent_day_mean","peak_vent_day_lower","peak_vent_day_upper","all_bed_capacity","icu_bed_capacity","all_bed_usage","icu_bed_usage","available_all_nbr","available_icu_nbr","travel_limit_start_date","travel_limit_end_date","stay_home_start_date","stay_home_end_date","educational_fac_start_date","educational_fac_end_date","any_gathering_restrict_start_date","any_gathering_restrict_end_date","any_business_start_date","any_business_end_date","all_non-ess_business_start_date","all_non-ess_business_end_date"
"Abruzzo",35507,"2020-12-02","2020-03-29","2020-12-04","2020-12-01","2020-03-30","2020-12-04","2020-12-01","2020-03-30","2020-12-04",4488,142,3482,100,1006,42,"2020-03-22","2020-05-04","2020-03-11","2020-06-03","2020-03-05",,"2020-03-11",,"2020-03-11","2020-06-15","2020-03-11","2020-04-14"
"Acre",4750,"2020-06-07","2020-05-30","2020-08-12","2020-06-09","2020-06-02","2020-08-11","2020-06-09","2020-05-30","2020-08-09",1310,44,1023,37,287,7,,,,,"2020-03-16",,"2020-03-20",,"2020-03-17",,"2020-03-17","2020-06-22"
"Afghanistan",160,"2020-11-19","2020-11-03","2020-12-27","2020-11-19","2020-11-03","2020-12-27","2020-11-19","2020-11-02","2020-12-27",16729,1462,11635,995,5094,467,,,,,"2020-03-14",,"2020-03-18",,"2020-03-18",,,
"Aguascalientes",4643,"2020-11-08","2020-06-16","2020-11-11","2020-11-08","2020-06-16","2020-11-11","2020-11-08","2020-06-16","2020-11-11",1261,74,881,62,380,12,,,"2020-06-22",,"2020-03-19",,"2020-03-13",,"2020-03-23",,"2020-03-30",
"Alabama",523,"2020-12-27","2020-07-13","2020-12-27","2020-12-27","2020-07-12","2020-12-27","2020-12-27","2020-07-12","2020-12-27",17537,1525,11793,1050,5744,475,,,"2020-04-04","2020-04-30","2020-03-19",,"2020-03-19",,"2020-03-19","2020-06-15","2020-03-28","2020-04-30"
"Alagoas",4751,"2020-08-12","2020-06-03","2020-09-30","2020-08-11","2020-06-04","2020-09-20","2020-08-10","2020-06-04","2020-09-13",5222,290,4087,249,1135,41,,,,,"2020-03-17",,"2020-03-16",,"2020-04-07",,"2020-04-07","2020-05-06"
"Alaska",524,"2020-07-13","2019-12-18","2019-12-18","2020-07-12","2019-12-18","2019-12-18","2020-07-12","2019-12-18","2019-12-18",2034,169,1351,115,683,54,"2020-03-28",,"2020-03-28","2020-04-24","2020-03-16",,"2020-03-24","2020-05-22","2020-03-17","2020-05-22","2020-03-28","2020-04-24"
"Albania",43,"2020-11-11","2020-07-03","2020-12-27","2020-11-11","2020-07-03","2020-12-27","2020-11-11","2020-07-03","2020-12-27",7753,227,3843,75,3910,152,"2020-03-14","2020-06-01","2020-03-12","2020-06-01","2020-03-08",,"2020-03-12",,"2020-03-11",,"2020-03-14","2020-04-20"
"Alberta",43858,"2020-04-30","2020-04-09","2020-04-30","2020-04-19","2020-04-10","2020-04-30","2020-04-19","2020-04-09","2020-04-30",,,,,,,,,,,"2020-03-16",,"2020-03-12",,"2020-03-18",,,
"Algeria",139,"2020-12-04","2020-12-02","2020-12-07","2020-12-04","2020-12-02","2020-12-07","2020-12-04","2020-12-02","2020-12-07",69387,2980,46027,1923,23360,1057,,,,,"2020-03-12",,"2020-03-17",,"2020-03-22",,,
"Amapá",4753,"2020-05-28","2020-05-24","2020-12-27","2020-05-28","2020-05-25","2020-12-27","2020-05-28","2020-05-25","2020-12-27",897,38,702,32,195,6,,,"2020-05-19",,"2020-03-18",,"2020-03-20",,"2020-03-20",,"2020-04-04","2020-06-16"
"Amazonas",4752,"2020-05-11","2020-05-07","2020-05-15","2020-05-11","2020-05-10","2020-05-12","2020-05-11","2020-05-10","2020-05-11",4770,263,3731,225,1039,38,"2020-04-06","2020-06-01",,,"2020-03-16",,"2020-03-31",,"2020-03-19",,"2020-03-24","2020-06-01"
"Andalucia",60357,"2020-11-10","2020-03-24","2020-11-13","2020-11-10","2020-03-25","2020-11-13","2020-11-10","2020-03-25","2020-11-13",,,,,,,,,"2020-03-15","2020-05-18","2020-03-14",,"2020-03-15",,"2020-03-15",,"2020-03-15","2020-04-13"
"Andorra",74,"2020-04-21","2020-03-24","2020-12-27","2020-04-20","2020-04-01","2020-12-27","2020-04-03","2020-03-23","2020-12-27",235,5,181,3,54,2,,,,,"2020-03-16",,,,"2020-03-13",,"2020-03-16","2020-04-20"
"Angola",168,"2020-12-02","2020-07-01","2020-12-26","2020-12-04","2020-07-04","2020-12-27","2020-12-03","2020-07-04","2020-12-26",22301,311,14979,203,7322,108,"2020-03-27","2020-05-25","2020-03-27","2020-05-25","2020-03-24",,"2020-03-24",,"2020-03-27",,"2020-03-27","2020-05-25"
"Antigua and Barbuda",105,"2019-12-18","2019-12-18","2019-12-18","2019-12-18","2019-12-18","2019-12-18","2019-12-18","2019-12-18","2019-12-18",218,4,138,2,80,2,,,"2020-04-02","2020-05-13","2020-03-15",,"2020-03-28",,"2020-03-28",,"2020-03-28","2020-05-11"
"Aragon",60358,"2020-04-07","2020-04-05","2020-04-09","2020-04-06","2020-04-06","2020-04-06","2020-04-06","2020-04-06","2020-04-06",,,,,,,,,"2020-03-15","2020-05-11","2020-03-14",,"2020-03-15",,"2020-03-15",,"2020-03-15","2020-04-13"
"Argentina",97,"2020-10-17","2020-09-05","2020-12-10","2020-10-19","2020-09-09","2020-12-05","2020-10-17","2020-09-07","2020-12-06",200383,8535,148965,4615,51418,3920,"2020-03-20","2020-04-27","2020-03-20",,"2020-03-16",,"2020-03-15",,"2020-03-20",,"2020-03-20",
"Arizona",525,"2020-12-25","2020-07-12","2020-12-27","2020-12-25","2020-07-12","2020-12-27","2020-12-25","2020-07-12","2020-12-27",16342,1440,10324,932,6018,508,,,"2020-03-30","2020-05-16","2020-03-16",,"2020-03-30","2020-05-16","2020-03-30","2020-05-16",,
"Arkansas",526,"2020-07-06","2020-06-13","2020-12-27","2020-06-24","2020-06-18","2020-12-27","2020-06-24","2020-06-17","2020-12-27",11243,914,6237,519,5006,395,,,,,"2020-03-17",,"2020-03-27","2020-06-18","2020-03-19",,,
"Armenia",33,"2020-12-03","2020-06-09","2020-12-06","2020-12-03","2020-06-13","2020-12-05","2020-12-03","2020-06-11","2020-12-05",12732,316,6945,126,5787,190,"2020-04-03","2020-04-22","2020-03-24","2020-05-04","2020-03-13",,"2020-03-16",,"2020-03-24",,"2020-03-24","2020-04-23"
"Asturias",60365,"2020-04-10","2020-04-05","2020-04-17","2020-04-10","2020-04-09","2020-04-10","2020-04-10","2020-04-09","2020-04-10",,,,,,,,,"2020-03-15","2020-05-11","2020-03-14",,"2020-03-15",,"2020-03-15",,"2020-03-15","2020-04-13"
"Australia",71,"2020-11-18","2020-04-04","2020-11-15","2020-11-20","2020-04-04","2020-11-16","2020-11-19","2020-04-04","2020-11-15",92189,2296,73254,1726,18935,570,,,,,,,"2020-03-20",,"2020-03-23",,,
"Austria",75,"2020-12-27","2020-04-04","2020-12-27","2020-12-27","2020-04-06","2020-12-27","2020-12-27","2020-04-06","2020-12-27",64825,2446,51705,1784,13120,662,,,"2020-03-16","2020-05-01","2020-03-16","2020-06-03","2020-03-10",,"2020-03-16","2020-05-01","2020-03-16","2020-04-13"
"Azerbaijan",34,"2020-12-27","2020-12-27","2020-12-27","2020-12-27","2020-12-27","2020-12-27","2020-12-27","2020-12-27","2020-12-27",63562,1293,21544,248,42018,1045,"2020-02-29",,"2020-04-05",,"2020-03-03",,"2020-03-24",,"2020-03-14",,"2020-03-14","2020-05-31"
"Baden-Württemberg",60377,"2020-12-27","2020-04-08","2020-12-27","2020-12-27","2020-04-10","2020-12-27","2020-12-27","2020-04-10","2020-12-27",,,,,,,,,"2020-03-21","2020-05-11","2020-03-17",,"2020-03-21",,"2020-03-21",,"2020-03-21","2020-04-20"
"Bahamas",106,"2019-12-18","2019-12-18","2019-12-18","2019-12-18","2019-12-18","2019-12-18","2019-12-18","2019-12-18","2019-12-18",1133,19,719,12,414,7,"2020-03-20","2020-06-01","2020-03-24","2020-06-08","2020-03-16",,"2020-03-16",,"2020-03-20",,"2020-03-20","2020-06-08"
"Bahia",4754,"2020-09-28","2020-07-01","2020-10-01","2020-09-28","2020-06-30","2020-10-01","2020-09-28","2020-06-29","2020-10-01",25114,1319,19604,1131,5510,188,,,,,"2020-03-17",,"2020-03-27",,,,,
"Bahrain",140,"2020-12-18","2020-06-17","2020-12-21","2020-12-18","2020-06-18","2020-12-21","2020-12-18","2020-06-18","2020-12-21",2880,111,1888,70,992,41,,,,,"2020-02-26",,"2020-03-18",,"2020-03-18",,"2020-03-26","2020-04-09"
"Baja California",4644,"2020-12-27","2020-06-06","2020-12-27","2020-12-27","2020-06-05","2020-12-27","2020-12-27","2020-06-04","2020-12-27",3359,162,2245,133,1114,29,,,"2020-06-22",,"2020-03-19",,"2020-03-18",,"2020-03-23",,"2020-03-30",
"Baja California Sur",4645,"2020-09-19","2020-08-22","2020-12-27","2020-09-19","2020-08-26","2020-12-27","2020-09-19","2020-08-23","2020-12-27",837,41,589,34,248,7,,,"2020-06-23",,"2020-03-19",,"2020-03-16",,"2020-03-23",,"2020-03-30",
"Balearic Islands",60363,"2020-10-21","2020-04-03","2020-10-23","2020-10-21","2020-04-04","2020-10-23","2020-10-21","2020-04-04","2020-10-23",,,,,,,,,"2020-03-15","2020-05-11","2020-03-14",,"2020-03-15",,"2020-03-15",,"2020-03-15","2020-04-13"
"Bangladesh",161,"2020-11-16","2020-11-14","2020-11-18","2020-11-16","2020-11-14","2020-11-18","2020-11-16","2020-11-14","2020-11-18",66156,2090,52298,1617,13858,473,"2020-03-16","2020-06-01","2020-03-26","2020-06-01","2020-03-17",,"2020-03-19",,"2020-03-26",,"2020-03-26","2020-05-05"
"Barbados",107,"2019-12-18","2019-12-18","2019-12-18","2019-12-18","2019-12-18","2019-12-18","2019-12-18","2019-12-18","2019-12-18",1776,21,1105,12,671,9,,,"2020-04-03","2020-05-04","2020-03-25","2020-06-15","2020-03-17",,"2020-03-28",,"2020-03-28","2020-05-04"
"Basilicata",35511,"2020-04-13","2020-03-28","2020-04-13","2020-04-11","2020-03-29","2020-04-13","2020-04-11","2020-03-27","2020-04-13",2031,62,1575,43,456,19,"2020-03-22","2020-05-04","2020-03-11","2020-06-03","2020-03-05",,"2020-03-11",,"2020-03-11","2020-06-15","2020-03-11","2020-04-14"
"Basque Country",60374,"2020-04-05","2020-04-02","2020-12-27","2020-04-05","2020-04-04","2020-12-27","2020-04-05","2020-04-04","2020-12-27",,,,,,,,,"2020-03-15","2020-05-11","2020-03-14",,"2020-03-15",,"2020-03-15","2020-06-18","2020-03-15","2020-04-13"
"Bavaria",60378,"2020-12-04","2020-04-10","2020-12-06","2020-12-04","2020-04-11","2020-12-06","2020-12-04","2020-04-11","2020-12-06",,,,,,,,,"2020-03-21","2020-05-06","2020-03-16",,"2020-03-21",,"2020-03-17",,"2020-03-21","2020-04-27"
"Belarus",57,"2020-07-12","2020-05-12","2020-12-27","2020-07-12","2020-05-15","2020-12-27","2020-07-12","2020-05-11","2020-12-27",95899,1470,82633,1119,13266,351,,,,,,,,,,,,
"Belgium",76,"2020-04-11","2020-04-09","2020-12-16","2020-04-11","2020-04-10","2020-12-16","2020-04-10","2020-04-10","2020-12-15",65162,1793,52207,1314,12955,479,,,"2020-03-18","2020-06-08","2020-03-14",,"2020-03-13",,"2020-03-13",,"2020-03-18","2020-05-11"
"Benin",200,"2020-06-23","2020-06-18","2020-12-27","2020-06-23","2020-06-22","2020-12-27","2020-06-23","2020-06-17","2020-12-27",5603,44,3191,23,2412,21,,,,,"2020-03-30",,"2020-03-18",,,,,
"Berlin",60379,"2020-04-18","2020-04-11","2020-12-27","2020-04-20","2020-04-12","2020-12-27","2020-04-20","2020-04-11","2020-12-27",,,,,,,,,"2020-03-23","2020-05-09","2020-03-23","2020-05-29","2020-03-23",,"2020-03-14",,"2020-03-23","2020-04-22"
"Bolivia (Plurinational State of)",121,"2020-08-29","2020-07-06","2020-10-01","2020-08-26","2020-07-06","2020-09-26","2020-08-25","2020-07-06","2020-09-26",17098,268,9916,209,7182,59,"2020-03-27",,"2020-03-26","2020-07-01","2020-03-12",,"2020-03-12",,"2020-03-16",,"2020-03-20",
"Bosnia and Herzegovina",44,"2020-12-27","2020-05-07","2020-12-27","2020-12-27","2020-05-08","2020-12-27","2020-12-27","2020-05-06","2020-12-27",10058,285,7208,170,2850,115,"2020-03-19","2020-05-29","2020-03-22","2020-05-21","2020-03-12",,"2020-03-18",,"2020-03-18",,"2020-03-20","2020-04-29"
"Brandenburg",60380,"2020-12-27","2020-04-14","2020-12-27","2020-12-27","2020-04-15","2020-12-27","2020-12-27","2020-04-15","2020-12-27",,,,,,,,,"2020-03-17","2020-05-09","2020-03-18","2020-05-25","2020-03-17",,"2020-03-17",,"2020-03-17","2020-04-22"
"Brazil",135,"2020-09-04","2020-06-02","2020-09-12","2020-09-04","2020-07-06","2020-09-08","2020-09-04","2020-07-06","2020-09-08",390833,28383,303873,24298,86960,4085,,,,,"2020-03-24",,,,,,,
"Bremen",60381,"2020-12-27","2020-04-04","2020-12-27","2020-12-27","2020-04-10","2020-12-27","2020-12-27","2020-03-31","2020-12-27",,,,,,,,,"2020-03-22","2020-05-14","2020-03-16","2020-05-25","2020-03-22",,"2020-03-20",,"2020-03-20","2020-04-20"
"British Columbia",43859,"2020-10-31","2020-04-01","2020-12-27","2020-10-31","2020-04-03","2020-12-27","2020-10-31","2020-04-01","2020-12-27",,,,,,,,,,,"2020-03-17","2020-06-01","2020-03-16",,"2020-03-20",,,
"Brunei Darussalam",66,"2019-12-18","2019-12-18","2019-12-18","2019-12-18","2019-12-18","2019-12-18","2019-12-18","2019-12-18","2019-12-18",1144,58,913,43,231,15,,,,,"2020-03-30",,"2020-03-13",,"2020-03-18",,,
"Bulgaria",45,"2020-12-14","2020-06-30","2020-12-17","2020-12-13","2020-06-30","2020-12-15","2020-12-13","2020-06-29","2020-12-15",47053,1947,32277,1088,14776,859,"2020-03-21",,"2020-03-17","2020-05-03","2020-03-13",,"2020-03-13",,"2020-03-13",,"2020-03-13","2020-05-06"
"Burkina Faso",201,"2020-04-30","2020-03-22","2020-05-01","2020-05-01","2020-03-31","2020-05-01","2020-04-03","2020-03-27","2020-05-01",13324,90,7690,48,5634,42,,,,,"2020-03-16",,"2020-03-13",,,,,
"Cabo Verde",203,"2020-11-12","2020-06-28","2020-11-17","2020-11-12","2020-07-04","2020-11-17","2020-11-12","2020-06-27","2020-11-17",899,3,494,1,405,2,,,,,"2020-03-27",,"2020-03-16",,"2020-03-16",,,
"Calabria",35512,"2020-12-27","2020-03-27","2020-12-27","2020-12-27","2020-03-27","2020-12-27","2020-12-27","2020-03-27","2020-12-27",7098,215,5509,152,1589,63,"2020-03-22","2020-05-04","2020-03-11","2020-06-03","2020-03-05",,"2020-03-11",,"2020-03-11","2020-06-15","2020-03-11","2020-04-14"
"California",527,"2020-12-19","2020-12-15","2020-12-22","2020-12-19","2020-12-17","2020-12-21","2020-12-19","2020-12-17","2020-12-21",85724,6783,59070,4789,26654,1994,,,"2020-03-19",,"2020-03-19",,"2020-03-11",,"2020-03-19",,"2020-03-19",
"Cameroon",202,"2020-06-12","2020-05-05","2020-12-27","2020-06-12","2020-06-09","2020-12-27","2020-06-12","2020-06-07","2020-12-27",37085,167,20938,88,16147,79,,,,,"2020-03-18",,"2020-03-18",,,,,
"Campania",35509,"2020-04-01","2020-03-28","2020-12-27","2020-04-01","2020-03-30","2020-12-27","2020-04-01","2020-03-29","2020-12-27",21519,649,16701,459,4818,190,"2020-03-22","2020-05-04","2020-03-11","2020-06-03","2020-03-05",,"2020-03-11",,"2020-03-11","2020-06-15","2020-03-11","2020-04-14"
"Campeche",4646,"2020-12-27","2020-12-22","2020-12-27","2020-12-27","2020-12-24","2020-12-27","2020-12-27","2020-12-23","2020-12-27",860,31,540,24,320,7,,,"2020-06-22",,"2020-03-18",,"2020-03-19",,"2020-03-30",,"2020-03-30",
"Canada",101,"2020-11-02","2020-04-23","2020-12-27","2020-11-01","2020-04-26","2020-12-27","2020-11-01","2020-04-26","2020-12-27",103726,4190,94319,3531,9407,659,,,,,"2020-03-23",,"2020-03-23",,,,,
"Canary Islands",60364,"2020-04-02","2020-03-24","2020-04-03","2020-04-02","2020-03-26","2020-04-02","2020-04-02","2020-03-24","2020-04-02",,,,,,,,,"2020-03-15","2020-05-11","2020-03-14",,"2020-03-15",,"2020-03-15",,"2020-03-15","2020-04-13"
"Cantabria",60359,"2020-10-31","2020-04-02","2020-11-02","2020-10-31","2020-04-03","2020-11-02","2020-10-31","2020-04-03","2020-11-02",,,,,,,,,"2020-03-15","2020-05-11","2020-03-14",,"2020-03-15",,"2020-03-15","2020-06-22","2020-03-15","2020-04-13"
"Castile and León",60367,"2020-03-30","2020-03-28","2020-12-06","2020-03-30","2020-03-30","2020-12-06","2020-03-30","2020-03-30","2020-12-06",,,,,,,,,"2020-03-15","2020-05-25","2020-03-14",,"2020-03-15",,"2020-03-15",,"2020-03-15","2020-04-13"
"Castilla-La Mancha",60360,"2020-03-31","2020-03-29","2020-12-27","2020-03-31","2020-03-31","2020-12-27","2020-03-31","2020-03-31","2020-12-27",,,,,,,,,"2020-03-15","2020-05-18","2020-03-14",,"2020-03-15",,"2020-03-15",,"2020-03-15","2020-04-13"
"Catalonia",60368,"2020-03-31","2020-03-29","2020-11-13","2020-03-31","2020-03-30","2020-11-13","2020-03-31","2020-03-30","2020-11-13",,,,,,,,,"2020-03-15","2020-05-25","2020-03-14",,"2020-03-11",,"2020-03-12","2020-06-22","2020-03-15","2020-05-25"
"Ceará",4755,"2020-06-03","2020-05-29","2020-08-09","2020-06-03","2020-06-02","2020-08-09","2020-06-03","2020-06-02","2020-08-07",15954,752,12424,644,3530,108,,,"2020-05-05",,"2020-03-16",,"2020-03-16",,"2020-03-20",,"2020-03-20","2020-06-08"
"Central African Republic",169,"2020-12-27","2020-06-15","2020-12-27","2020-12-27","2020-06-17","2020-12-27","2020-12-27","2020-06-14","2020-12-27",5554,64,3757,42,1797,22,,,,,"2020-03-27",,"2020-03-13",,"2020-03-26",,,
"Ceuta",60369,"2019-12-18","2019-12-18","2019-12-18","2019-12-18","2019-12-18","2019-12-18","2019-12-18","2019-12-18","2019-12-18",,,,,,,,,"2020-03-15","2020-05-11","2020-03-14",,"2020-03-15",,"2020-03-15",,"2020-03-15","2020-04-13"
"Chad",204,"2020-05-10","2020-05-07","2020-05-10","2020-05-10","2020-05-09","2020-05-10","2020-05-10","2020-05-07","2020-05-10",8140,59,3071,18,5069,41,,,,,"2020-03-20",,"2020-03-19",,"2020-03-23",,,
"Chiapas",4649,"2020-11-04","2020-06-28","2020-11-07","2020-11-04","2020-06-28","2020-11-07","2020-11-04","2020-06-28","2020-11-07",5352,255,3865,218,1487,37,,,"2020-06-22",,"2020-03-22",,"2020-03-15",,"2020-03-23",,"2020-03-30",
"Chihuahua",4650,"2020-11-30","2020-06-08","2020-12-03","2020-11-30","2020-06-10","2020-12-03","2020-11-30","2020-06-10","2020-12-03",3621,208,2573,176,1048,32,,,"2020-06-22",,"2020-03-23",,"2020-03-25",,"2020-03-24",,"2020-03-24",
"Chile",98,"2020-06-17","2020-06-13","2020-06-21","2020-06-16","2020-06-15","2020-06-17","2020-06-16","2020-06-16","2020-06-16",35458,445,26567,395,8891,50,,,,,"2020-03-16",,"2020-03-16",,"2020-03-21",,,
"Coahuila",4647,"2020-12-27","2020-08-13","2020-12-27","2020-12-27","2020-08-21","2020-12-27","2020-12-27","2020-08-21","2020-12-27",3327,159,2393,136,934,23,,,"2020-06-22",,"2020-03-19",,"2020-03-18",,"2020-03-23",,"2020-03-30",
"Colima",4648,"2020-10-05","2020-07-01","2020-10-08","2020-10-05","2020-07-04","2020-10-08","2020-10-05","2020-07-01","2020-10-08",1243,42,838,34,405,8,,,"2020-06-22",,"2020-03-16",,"2020-03-16",,"2020-03-18",,"2020-03-18",
"Colombia",125,"2020-09-02","2020-08-31","2020-09-05","2020-09-02","2020-08-31","2020-09-05","2020-09-02","2020-08-31","2020-09-04",71804,4192,49032,2362,22772,1830,"2020-03-25","2020-06-15","2020-03-25","2020-06-15","2020-03-16",,"2020-03-16",,"2020-03-19",,"2020-03-25","2020-04-27"
"Colorado",528,"2020-04-21","2020-04-16","2020-12-27","2020-04-20","2020-04-20","2020-12-27","2020-04-20","2020-04-20","2020-12-27",12485,1484,7633,929,4852,555,,,"2020-03-26","2020-05-09","2020-03-23",,"2020-03-19",,"2020-03-17",,"2020-03-26","2020-05-09"
"Community of Madrid",60361,"2020-03-28","2020-03-27","2020-11-26","2020-03-29","2020-03-28","2020-11-26","2020-03-28","2020-03-28","2020-11-26",,,,,,,,,"2020-03-15","2020-05-25","2020-03-11",,"2020-03-15",,"2020-03-13",,"2020-03-13","2020-04-13"
"Comoros",176,"2019-12-18","2019-12-18","2019-12-18","2019-12-18","2019-12-18","2019-12-18","2019-12-18","2019-12-18","2019-12-18",1227,3,563,1,664,2,,,,,"2020-03-20","2020-07-01","2020-03-16",,,,,
"Congo",170,"2020-07-02","2020-06-07","2020-11-22","2020-06-30","2020-06-15","2020-11-14","2020-07-06","2020-06-12","2020-11-10",8345,76,5515,48,2830,28,,,"2020-03-31","2020-05-18","2020-03-19",,"2020-03-19",,"2020-03-19",,"2020-03-31","2020-05-18"
"Connecticut",529,"2020-04-20","2020-04-16","2020-04-25","2020-04-20","2020-04-19","2020-04-21","2020-04-20","2020-04-19","2020-04-20",8501,537,6762,437,1739,100,,,,,"2020-03-17",,"2020-03-12",,"2020-03-16",,"2020-03-23","2020-05-20"
"Costa Rica",126,"2020-10-10","2020-06-30","2020-12-27","2020-10-10","2020-07-06","2020-12-27","2020-10-10","2020-06-29","2020-12-27",5502,180,4545,141,957,39,"2020-04-08","2020-04-13","2020-03-24","2020-05-01","2020-03-16",,"2020-03-09",,"2020-03-23",,,
"Croatia",46,"2020-04-23","2020-04-17","2020-04-24","2020-04-23","2020-04-17","2020-04-23","2020-04-23","2020-04-17","2020-04-23",22125,643,18266,462,3859,181,"2020-03-23","2020-05-25","2020-03-17","2020-05-11","2020-03-16","2020-05-25","2020-03-09",,"2020-03-19",,"2020-03-19","2020-04-27"
"Cuba",109,"2020-04-20","2020-04-19","2020-04-22","2020-04-20","2020-04-20","2020-04-20","2020-04-20","2020-04-20","2020-04-20",28672,729,12372,99,16300,630,"2020-04-11",,,,"2020-03-24",,"2020-03-20",,"2020-03-24",,,
"Cyprus",77,"2020-03-27","2020-03-25","2020-03-27","2020-03-27","2020-03-24","2020-03-27","2020-03-27","2020-03-24","2020-03-27",3713,97,2950,70,763,27,,,"2020-03-24","2020-05-04","2020-03-13","2020-05-21","2020-03-24",,"2020-03-24",,"2020-03-24","2020-05-04"
"Czechia",47,"2020-04-08","2020-04-05","2020-04-11","2020-04-08","2020-04-06","2020-04-08","2020-04-08","2020-04-06","2020-04-08",71767,1243,51625,747,20142,496,,,"2020-03-16","2020-04-20","2020-03-10",,"2020-03-10",,"2020-03-10",,"2020-03-14","2020-04-20"
"Côte d'Ivoire",205,"2020-12-27","2020-12-26","2020-12-27","2020-12-27","2020-12-27","2020-12-27","2020-12-27","2020-12-27","2020-12-27",13075,95,7522,51,5553,44,,,,,"2020-03-16",,"2020-03-16",,"2020-03-18",,,
"Delaware",530,"2020-05-07","2020-04-25","2020-05-11","2020-05-06","2020-04-27","2020-05-09","2020-05-07","2020-04-26","2020-05-09",2633,166,1937,125,696,41,,,"2020-03-24","2020-06-01","2020-03-16",,"2020-03-16",,"2020-03-16",,"2020-03-24","2020-05-08"
"Democratic Republic of the Congo",171,"2020-11-13","2020-06-15","2020-12-15","2020-11-08","2020-06-18","2020-12-13","2020-11-08","2020-06-16","2020-12-12",80746,988,54093,645,26653,343,,,,,"2020-03-19",,"2020-03-19",,"2020-03-19",,,
"Denmark",78,"2020-04-06","2020-04-03","2020-12-27","2020-04-06","2020-04-05","2020-12-27","2020-04-06","2020-04-05","2020-12-27",16986,396,13777,294,3209,102,,,,,"2020-03-16",,"2020-03-18",,"2020-03-18",,,
"District of Columbia",531,"2020-05-02","2020-04-23","2020-05-06","2020-05-02","2020-04-26","2020-05-02","2020-05-02","2020-04-25","2020-05-02",3939,256,2845,189,1094,67,,,"2020-03-30","2020-05-29","2020-03-16",,"2020-03-13",,"2020-03-16",,"2020-03-25","2020-05-29"
"Distrito Federal",4756,"2020-07-30","2020-07-06","2020-08-02","2020-07-29","2020-07-06","2020-08-01","2020-07-29","2020-07-06","2020-08-01",7816,960,6026,817,1790,143,,,,,"2020-03-12",,"2020-03-12",,"2020-03-15",,"2020-03-19","2020-05-27"
"Djibouti",177,"2020-06-01","2020-05-31","2020-06-01","2020-06-01","2020-05-30","2020-06-01","2020-06-01","2020-05-30","2020-06-01",1697,4,782,1,915,3,,,"2020-03-23","2020-05-17","2020-03-19",,"2020-03-22",,"2020-03-22",,"2020-03-23","2020-05-17"
"Dominican Republic",111,"2020-10-22","2020-10-20","2020-10-25","2020-10-22","2020-10-20","2020-10-24","2020-10-21","2020-10-20","2020-10-24",10982,571,4622,353,6360,218,"2020-03-19","2020-04-13",,,"2020-03-19",,"2020-03-25",,"2020-03-19",,"2020-03-19","2020-05-20"
"Durango",4652,"2020-12-19","2020-06-15","2020-12-21","2020-12-18","2020-06-19","2020-12-21","2020-12-18","2020-06-16","2020-12-21",1736,58,1012,43,724,15,,,"2020-04-19",,"2020-03-22",,"2020-04-02",,"2020-03-29",,"2020-03-30",
"Ecuador",122,"2020-04-04","2020-04-02","2020-04-05","2020-04-04","2020-04-03","2020-04-04","2020-04-03","2020-04-03","2020-04-03",20253,834,10571,563,9682,271,"2020-03-18",,"2020-03-17",,"2020-03-13",,"2020-03-15",,"2020-03-15",,"2020-03-17",
"Egypt",141,"2020-11-27","2020-11-25","2020-11-30","2020-11-27","2020-11-25","2020-11-30","2020-11-27","2020-11-25","2020-11-30",130393,6287,60993,2563,69400,3724,,,,,"2020-03-15",,"2020-03-09",,"2020-03-24",,,
"El Salvador",127,"2020-10-06","2020-06-30","2020-10-09","2020-10-06","2020-07-04","2020-10-09","2020-10-06","2020-06-30","2020-10-09",5773,68,3992,45,1781,23,,,"2020-03-11","2020-06-16","2020-03-11",,"2020-03-11",,"2020-03-14",,,
"Emilia-Romagna",35502,"2020-03-26","2020-03-23","2020-12-27","2020-03-26","2020-03-25","2020-12-27","2020-03-26","2020-03-26","2020-12-27",15252,488,11818,344,3434,144,"2020-03-22","2020-05-04","2020-03-11","2020-06-03","2020-03-01",,"2020-03-07",,"2020-03-07","2020-06-15","2020-03-11","2020-04-14"
"Equatorial Guinea",172,"2020-09-20","2020-06-27","2020-12-27","2020-09-22","2020-07-04","2020-12-27","2020-09-18","2020-06-26","2020-12-27",2034,19,1336,12,698,7,,,"2020-03-31",,"2020-03-17",,"2020-03-17",,"2020-03-23",,"2020-03-31","2020-06-15"
"Espírito Santo",4757,"2020-06-17","2020-06-08","2020-08-11","2020-06-18","2020-06-13","2020-08-07","2020-06-18","2020-06-15","2020-08-06",7270,602,5654,515,1616,87,,,,,"2020-03-16",,"2020-03-17",,"2020-03-17",,"2020-03-20",
"Estonia",58,"2020-04-14","2020-04-04","2020-12-27","2020-04-14","2020-04-05","2020-12-27","2020-04-14","2020-04-04","2020-12-27",6439,148,4537,87,1902,61,,,,,"2020-03-16","2020-05-15","2020-03-13",,"2020-03-13",,,
"Eswatini",197,"2020-09-27","2020-06-27","2020-11-07","2020-09-27","2020-07-06","2020-11-06","2020-09-26","2020-06-30","2020-11-05",2204,59,1388,35,816,24,,,"2020-03-27","2020-06-05","2020-03-17",,"2020-03-17",,"2020-03-27",,"2020-03-27","2020-04-15"
"Extremadura",60362,"2020-03-31","2020-03-29","2020-04-02","2020-03-31","2020-03-30","2020-03-31","2020-03-31","2020-03-30","2020-03-31",,,,,,,,,"2020-03-15","2020-05-11","2020-03-14",,"2020-03-15",,"2020-03-15",,"2020-03-15","2020-04-13"
"Finland",79,"2020-12-27","2020-04-17","2020-12-27","2020-12-27","2020-04-19","2020-12-27","2020-12-27","2020-04-18","2020-12-27",25109,323,18480,214,6629,109,"2020-03-25",,,,"2020-03-18",,"2020-03-12",,"2020-03-18","2020-06-01","2020-04-04","2020-06-01"
"Florida",532,"2020-11-05","2020-07-26","2020-11-08","2020-11-05","2020-07-27","2020-11-08","2020-11-05","2020-07-26","2020-11-08",60546,5351,40362,3655,20184,1696,,,"2020-04-03","2020-05-18","2020-03-17",,"2020-04-03","2020-06-05","2020-03-17",,,
"France",80,"2020-12-09","2020-04-01","2020-12-12","2020-12-09","2020-04-03","2020-12-12","2020-12-09","2020-04-03","2020-12-12",411225,6282,309900,4299,101325,1983,"2020-03-17","2020-05-11","2020-03-18","2020-05-11","2020-03-13","2020-05-25","2020-03-04",,"2020-03-15",,"2020-03-15","2020-05-11"
"Friuli-Venezia Giulia",35501,"2020-04-05","2020-03-25","2020-04-07","2020-04-05","2020-03-26","2020-04-05","2020-04-04","2020-03-25","2020-04-05",4127,130,3199,91,928,39,"2020-03-22","2020-05-04","2020-03-11","2020-06-03","2020-03-05",,"2020-03-11",,"2020-03-11","2020-06-15","2020-03-11","2020-04-14"
"Gabon",173,"2020-06-19","2020-06-01","2020-08-25","2020-06-14","2020-06-10","2020-08-19","2020-06-10","2020-06-03","2020-08-28",2500,24,1646,15,854,9,,,,,"2020-03-13",,"2020-03-13",,"2020-03-13",,,
"Galicia",60372,"2020-12-27","2020-04-03","2020-12-27","2020-12-27","2020-04-05","2020-12-27","2020-12-27","2020-04-05","2020-12-27",,,,,,,,,"2020-03-15","2020-05-11","2020-03-14",,"2020-03-15",,"2020-03-15","2020-06-22","2020-03-15","2020-04-13"
"Georgia",35,"2019-12-18","2019-12-18","2019-12-18","2019-12-18","2019-12-18","2019-12-18","2019-12-18","2019-12-18","2019-12-18",11783,338,4044,65,7739,273,"2020-03-24","2020-04-27",,,"2020-03-02",,"2020-03-23",,"2020-03-21",,"2020-03-21","2020-04-27"
"Georgia",533,"2020-12-27","2020-04-11","2020-12-27","2020-12-27","2020-04-14","2020-12-27","2020-12-27","2020-04-14","2020-12-27",28928,2182,20605,1592,8323,590,,,"2020-04-03",,"2020-03-18",,"2020-03-24",,"2020-03-24",,,
"Germany",81,"2020-12-27","2020-04-11","2020-12-27","2020-12-27","2020-04-13","2020-12-27","2020-12-27","2020-04-13","2020-12-27",670727,26432,534686,21240,136041,5192,,,,,,,,,,,,
"Ghana",207,"2020-12-27","2020-06-17","2020-12-27","2020-12-27","2020-06-22","2020-12-27","2020-12-27","2020-06-17","2020-12-27",22946,137,13592,76,9354,61,,,,,"2020-03-16",,"2020-03-15",,"2020-03-24",,,
"Goiás",4758,"2020-08-20","2020-07-06","2020-08-23","2020-08-20","2020-07-06","2020-08-23","2020-08-20","2020-07-06","2020-08-23",15737,904,12208,772,3529,132,,,,,"2020-03-18",,"2020-03-13",,"2020-03-17",,"2020-03-20","2020-04-19"
"Greece",82,"2020-04-06","2020-03-27","2020-04-07","2020-04-06","2020-03-28","2020-04-06","2020-04-06","2020-03-27","2020-04-06",44260,652,31236,411,13024,241,"2020-03-23",,"2020-03-23","2020-05-04","2020-03-11",,"2020-03-08",,"2020-03-12",,"2020-03-22","2020-05-04"
"Guam",351,"2019-12-18","2019-12-18","2019-12-18","2019-12-18","2019-12-18","2019-12-18","2019-12-18","2019-12-18","2019-12-18",268,4,163,2,105,2,"2020-04-11",,,,"2020-03-17",,"2020-03-16",,"2020-03-20",,"2020-03-20","2020-05-07"
"Guanajuato",4653,"2020-09-18","2020-07-06","2020-12-27","2020-09-18","2020-07-06","2020-12-27","2020-09-18","2020-07-06","2020-12-27",4971,259,2959,197,2012,62,,,"2020-06-22",,"2020-03-16",,"2020-03-24",,"2020-03-23",,"2020-03-30",
"Guatemala",128,"2020-09-14","2020-09-10","2020-09-18","2020-09-14","2020-09-13","2020-09-17","2020-09-14","2020-09-13","2020-09-17",9533,404,6702,277,2831,127,,,,,"2020-03-16",,"2020-03-16",,,,,
"Guerrero",4654,"2020-10-14","2020-06-10","2020-10-17","2020-10-14","2020-06-11","2020-10-16","2020-10-14","2020-06-10","2020-10-16",2499,89,1220,58,1279,31,,,"2020-06-22",,"2020-03-22",,"2020-03-24",,"2020-03-23",,"2020-04-04",
"Guinea",208,"2020-12-27","2020-05-06","2020-12-27","2020-12-27","2020-05-11","2020-12-27","2020-12-27","2020-05-05","2020-12-27",4518,39,2639,21,1879,18,,,,,"2020-03-26",,"2020-03-26",,"2020-03-26",,,
"Guinea-Bissau",209,"2020-12-27","2020-06-13","2020-12-27","2020-12-27","2020-06-16","2020-12-27","2020-12-27","2020-06-12","2020-12-27",1742,9,1001,4,741,5,,,"2020-03-28",,"2020-03-17",,"2020-03-15",,"2020-03-15",,"2020-04-03",
"Guyana",113,"2020-09-23","2019-12-18","2020-12-27","2020-09-23","2019-12-18","2020-12-27","2020-09-23","2019-12-18","2020-12-27",1577,18,1411,16,166,2,,,"2020-05-04",,"2020-03-16",,"2020-04-02",,"2020-04-02",,"2020-05-04",
"Haiti",114,"2020-12-15","2020-11-13","2020-12-19","2020-12-15","2020-11-15","2020-12-19","2020-12-15","2020-11-14","2020-12-19",10014,148,6683,99,3331,49,,,,,"2020-03-20",,"2020-03-20",,"2020-03-20",,,
"Hamburg",60382,"2020-12-26","2020-04-16","2020-12-27","2020-12-26","2020-04-20","2020-12-27","2020-12-26","2020-04-15","2020-12-27",,,,,,,,,"2020-03-22","2020-05-04","2020-03-16",,"2020-03-22",,"2020-03-15",,,
"Hawaii",534,"2020-04-17","2020-04-09","2020-04-17","2020-04-17","2020-04-16","2020-04-17","2020-04-17","2020-04-15","2020-04-17",3467,173,2510,128,957,45,,,"2020-03-25","2020-06-10","2020-03-19",,"2020-03-17",,"2020-03-17",,"2020-03-25","2020-05-01"
"Hesse",60383,"2020-12-27","2020-04-12","2020-12-27","2020-12-27","2020-04-13","2020-12-27","2020-12-27","2020-04-13","2020-12-27",,,,,,,,,"2020-03-22","2020-05-09","2020-03-16",,"2020-03-22",,"2020-03-15",,,
"Hidalgo",4655,"2020-10-31","2020-06-25","2020-11-03","2020-10-31","2020-06-27","2020-11-03","2020-10-31","2020-06-27","2020-11-03",2046,104,1218,79,828,25,,,"2020-06-22",,"2020-03-22",,"2020-03-24",,"2020-03-29",,"2020-03-30",
"Honduras",129,"2020-10-20","2020-07-04","2020-10-23","2020-10-20","2020-07-06","2020-10-23","2020-10-20","2020-07-04","2020-10-23",7726,85,6758,76,968,9,"2020-03-16","2020-06-08","2020-03-19","2020-06-08","2020-03-13",,"2020-03-14",,"2020-03-16",,"2020-03-16","2020-04-16"
"Hungary",48,"2020-12-27","2020-04-16","2020-12-27","2020-12-27","2020-04-17","2020-12-27","2020-12-27","2020-04-17","2020-12-27",66774,1291,47142,755,19632,536,,,"2020-03-28","2020-05-18","2020-03-16",,"2020-03-12",,"2020-03-12",,"2020-03-16","2020-05-18"
"Iceland",83,"2019-12-18","2019-12-18","2019-12-18","2019-12-18","2019-12-18","2019-12-18","2019-12-18","2019-12-18","2019-12-18",1196,29,957,21,239,8,,,,,"2020-03-16","2020-05-04","2020-03-16",,"2020-03-24","2020-05-25",,
"Idaho",535,"2020-11-22","2020-04-10","2020-11-26","2020-11-22","2020-04-14","2020-11-25","2020-11-22","2020-04-10","2020-11-25",3951,338,2133,187,1818,151,,,"2020-03-25","2020-05-01","2020-03-23",,"2020-03-25","2020-05-01","2020-03-25","2020-06-13","2020-03-25","2020-05-01"
"Illinois",536,"2020-05-06","2020-04-28","2020-05-14","2020-05-07","2020-05-05","2020-05-09","2020-05-07","2020-05-06","2020-05-08",36072,2910,21520,1779,14552,1131,,,"2020-03-21","2020-05-29","2020-03-17",,"2020-03-13",,"2020-03-16",,"2020-03-21","2020-05-01"
"Indiana",537,"2020-12-27","2020-04-19","2020-12-27","2020-12-27","2020-04-22","2020-12-27","2020-12-27","2020-04-23","2020-12-27",20450,1763,11965,1057,8485,706,,,"2020-03-25","2020-05-18","2020-03-19",,"2020-03-12",,"2020-03-16",,"2020-03-24","2020-05-18"
"Indonesia",11,"2020-11-20","2020-10-20","2020-12-16","2020-11-20","2020-10-23","2020-12-13","2020-11-20","2020-10-23","2020-12-11",223215,7040,128241,4296,94974,2744,,,,,"2020-03-16",,"2020-03-16",,,,,
"Iowa",538,"2020-12-27","2020-05-14","2020-12-27","2020-12-27","2020-05-15","2020-12-27","2020-12-27","2020-05-15","2020-12-27",9866,584,5569,337,4297,247,,,,,"2020-04-04",,"2020-03-17","2020-06-12","2020-03-17",,"2020-03-17","2020-05-08"
"Iran (Islamic Republic of)",142,"2020-10-23","2020-10-21","2020-10-26","2020-10-23","2020-10-21","2020-10-26","2020-10-23","2020-10-21","2020-10-25",121877,5912,80613,3802,41264,2110,"2020-03-19","2020-04-09",,,"2020-02-24",,"2020-02-24","2020-05-26","2020-03-04",,,
"Iraq",143,"2020-12-01","2020-11-29","2020-12-04","2020-12-01","2020-11-29","2020-12-04","2020-12-01","2020-11-29","2020-12-04",49136,2587,32832,1683,16304,904,,,"2020-03-17","2020-04-21","2020-02-27",,"2020-02-25",,"2020-02-27",,,
"Ireland",84,"2020-12-09","2020-04-14","2020-12-11","2020-12-09","2020-04-15","2020-12-11","2020-12-08","2020-04-15","2020-12-11",16203,273,14630,223,1573,50,,,"2020-03-27","2020-05-18","2020-03-12",,"2020-03-12",,"2020-03-15",,"2020-03-24","2020-05-18"
"Israel",85,"2020-11-01","2020-10-29","2020-11-04","2020-11-01","2020-10-30","2020-11-03","2020-10-31","2020-10-30","2020-11-03",39197,427,36427,345,2770,82,,,"2020-03-25","2020-04-19","2020-03-12","2020-05-18","2020-03-04",,"2020-03-15",,"2020-03-25","2020-05-03"
"Italy",86,"2020-03-27","2020-03-26","2020-12-27","2020-03-27","2020-03-27","2020-12-27","2020-03-27","2020-03-27","2020-12-27",211621,6600,164049,4666,47572,1934,,,,,,,,,,,,
"Jalisco",4656,"2020-10-05","2020-07-16","2020-10-09","2020-10-05","2020-10-03","2020-10-08","2020-10-05","2020-10-03","2020-10-08",8700,344,6048,289,2652,55,,,"2020-04-19",,"2020-03-16",,"2020-03-24",,"2020-03-23",,"2020-03-30",
"Jamaica",115,"2019-12-18","2019-12-18","2019-12-18","2019-12-18","2019-12-18","2019-12-18","2019-12-18","2019-12-18","2019-12-18",4502,108,2883,69,1619,39,,,,,"2020-03-13",,"2020-03-18",,"2020-03-18",,,
"Japan",67,"2020-04-29","2020-04-24","2020-05-03","2020-04-29","2020-04-27","2020-04-29","2020-04-29","2020-04-27","2020-04-29",1514206,7484,1173652,5489,340554,1995,,,,,"2020-03-02","2020-06-02",,,,,,
"Jordan",144,"2019-12-18","2019-12-18","2019-12-18","2019-12-18","2019-12-18","2019-12-18","2019-12-18","2019-12-18","2019-12-18",17273,780,11511,506,5762,274,"2020-03-18","2020-04-29","2020-03-21","2020-04-27","2020-03-15",,"2020-03-14",,"2020-03-14","2020-06-06","2020-03-18","2020-04-27"
"Kansas",539,"2020-12-27","2020-04-13","2020-12-27","2020-12-27","2020-04-14","2020-12-27","2020-12-27","2020-04-12","2020-12-27",11329,678,6518,399,4811,279,,,"2020-03-30","2020-05-04","2020-03-17",,"2020-03-17","2020-05-22","2020-03-30",,,
"Kazakhstan",36,"2020-12-11","2020-12-09","2020-12-14","2020-12-11","2020-12-09","2020-12-14","2020-12-11","2020-12-09","2020-12-14",124468,4026,109994,3144,14474,882,"2020-03-16","2020-06-01","2020-03-28","2020-05-22","2020-03-16",,"2020-03-28",,"2020-03-16",,"2020-03-16","2020-05-11"
"Kentucky",540,"2020-12-27","2020-04-11","2020-12-27","2020-12-27","2020-04-16","2020-12-27","2020-12-27","2020-04-11","2020-12-27",16156,1215,9946,766,6210,449,,,,,"2020-03-20",,"2020-03-19",,"2020-03-16","2020-06-29","2020-03-26","2020-05-11"
"Kenya",180,"2020-12-27","2020-11-21","2020-12-27","2020-12-27","2020-11-22","2020-12-27","2020-12-27","2020-11-21","2020-12-27",60035,549,27761,220,32274,329,,,,,"2020-03-20",,"2020-03-22",,"2020-03-22",,,
"Kuwait",145,"2020-11-09","2020-11-07","2020-11-12","2020-11-09","2020-11-07","2020-11-12","2020-11-09","2020-11-07","2020-11-12",10697,372,6956,234,3741,138,"2020-05-10",,"2020-05-10",,"2020-03-01",,"2020-03-18",,"2020-03-14",,"2020-05-10",
"Kyrgyzstan",37,"2020-10-04","2020-07-07","2020-10-08","2020-10-04","2020-07-07","2020-10-07","2020-10-04","2020-07-06","2020-10-07",32481,749,29210,594,3271,155,,,,,"2020-03-16",,"2020-03-17",,"2020-03-22",,"2020-03-22","2020-05-01"
"La Rioja",60376,"2020-04-06","2020-04-01","2020-04-07","2020-04-06","2020-04-02","2020-04-06","2020-04-06","2020-04-02","2020-04-06",,,,,,,,,"2020-03-15","2020-05-11","2020-03-14",,"2020-03-15",,"2020-03-15",,"2020-03-15","2020-04-13"
"Latvia",59,"2020-04-25","2020-04-15","2020-04-26","2020-04-25","2020-04-17","2020-04-26","2020-04-26","2020-04-14","2020-04-26",11634,192,8289,115,3345,77,,,,,"2020-03-12",,"2020-03-13",,,,,
"Lazio",35506,"2020-12-27","2020-03-27","2020-12-27","2020-12-27","2020-03-29","2020-12-27","2020-12-27","2020-03-29","2020-12-27",19211,613,14899,433,4312,180,"2020-03-22","2020-05-04","2020-03-11","2020-06-03","2020-03-05",,"2020-03-11",,"2020-03-11","2020-06-15","2020-03-11","2020-04-14"
"Lebanon",146,"2020-04-04","2020-03-22","2020-04-04","2020-04-03","2020-03-28","2020-04-04","2020-04-04","2020-03-21","2020-04-04",15899,500,10337,315,5562,185,,,"2020-03-15","2020-05-04","2020-03-03",,"2020-03-15",,"2020-03-15",,"2020-03-15","2020-05-04"
"Liberia",210,"2020-12-18","2020-04-16","2020-12-27","2020-12-16","2020-04-24","2020-12-27","2020-12-16","2020-04-20","2020-12-27",3365,20,1921,10,1444,10,,,,,"2020-03-16",,"2020-03-21",,"2020-03-21",,"2020-04-14","2020-05-22"
"Libya",147,"2020-11-23","2020-07-01","2020-11-26","2020-11-23","2020-07-05","2020-11-26","2020-11-23","2020-06-30","2020-11-26",23895,539,15644,342,8251,197,,,,,"2020-03-16",,"2020-03-22",,"2020-03-22",,,
"Liguria",35496,"2020-04-02","2020-03-29","2020-04-07","2020-04-02","2020-04-01","2020-04-02","2020-04-02","2020-04-01","2020-04-02",5224,165,4051,116,1173,49,"2020-03-22","2020-05-04","2020-03-11","2020-06-03","2020-03-05",,"2020-03-11",,"2020-03-11","2020-06-15","2020-03-11","2020-04-14"
"Lithuania",60,"2020-04-09","2020-04-08","2020-04-10","2020-04-09","2020-04-08","2020-04-09","2020-04-09","2020-04-08","2020-04-09",18527,431,13553,269,4974,162,,,"2020-03-15","2020-04-29","2020-03-16",,"2020-03-15",,"2020-03-14","2020-06-16","2020-03-15","2020-04-15"
"Lombardia",35497,"2020-03-25","2020-03-23","2020-12-27","2020-03-25","2020-03-24","2020-12-27","2020-03-25","2020-03-24","2020-12-27",33445,1069,25910,755,7535,314,"2020-03-08","2020-05-04","2020-03-08","2020-06-03","2020-03-01",,"2020-02-22",,"2020-02-22","2020-06-15","2020-03-08","2020-04-14"
"Louisiana",541,"2020-12-10","2020-04-08","2020-12-12","2020-12-10","2020-04-10","2020-12-12","2020-12-09","2020-04-11","2020-12-12",18060,1242,10855,765,7205,477,,,"2020-03-23","2020-05-15","2020-03-16",,"2020-03-13","2020-05-15","2020-03-17",,"2020-03-22","2020-05-01"
"Lower Saxony",60384,"2020-12-22","2020-12-19","2020-12-23","2020-12-21","2020-12-19","2020-12-23","2020-12-21","2020-12-19","2020-12-23",,,,,,,,,"2020-03-23","2020-05-11","2020-03-16",,"2020-03-23",,"2020-03-27",,"2020-03-27","2020-04-20"
"Luxembourg",87,"2020-10-09","2020-03-31","2020-10-11","2020-10-08","2020-04-02","2020-10-11","2020-10-08","2020-03-31","2020-10-11",2970,117,2103,74,867,43,,,,,"2020-03-16",,"2020-03-13",,"2020-03-18",,"2020-03-18","2020-04-20"
"Maine",542,"2020-12-27","2020-04-10","2020-12-27","2020-12-27","2020-04-09","2020-12-27","2020-12-27","2020-04-09","2020-12-27",3814,244,2752,180,1062,64,,,"2020-04-02","2020-05-31","2020-03-16",,"2020-03-18",,"2020-03-18",,"2020-03-25","2020-05-01"
"Malawi",182,"2020-10-21","2020-06-26","2020-12-16","2020-10-22","2020-07-01","2020-12-15","2020-10-21","2020-06-30","2020-12-15",19344,66,9025,26,10319,40,,,,,"2020-03-23",,"2020-03-23",,"2020-04-09",,,
"Malaysia",13,"2020-03-31","2020-03-29","2020-04-02","2020-03-31","2020-03-30","2020-03-31","2020-03-31","2020-03-29","2020-03-31",59899,983,40114,703,19785,280,"2020-03-18","2020-06-10","2020-03-18","2020-06-10","2020-03-18",,"2020-03-13",,"2020-03-18",,"2020-03-18","2020-06-10"
"Maldives",14,"2020-10-05","2019-12-18","2020-10-09","2020-10-05","2019-12-18","2020-10-09","2020-10-05","2019-12-18","2020-10-09",971,13,627,8,344,5,,,"2020-04-15",,"2020-03-14",,"2020-03-16",,"2020-03-15",,,
"Mali",211,"2020-05-25","2020-05-12","2020-12-27","2020-05-21","2020-05-19","2020-12-27","2020-05-26","2020-05-12","2020-12-27",6179,62,3617,34,2562,28,,,,,"2020-03-19",,"2020-03-19",,"2020-03-19",,,
"Malta",88,"2019-12-18","2019-12-18","2019-12-18","2019-12-18","2019-12-18","2019-12-18","2019-12-18","2019-12-18","2019-12-18",2125,40,1743,30,382,10,,,,,"2020-03-13",,"2020-03-03",,"2020-03-17","2020-07-01","2020-03-23","2020-05-22"
"Manitoba",43860,"2019-12-18","2019-12-18","2019-12-18","2019-12-18","2019-12-18","2019-12-18","2019-12-18","2019-12-18","2019-12-18",,,,,,,,,,,"2020-03-23",,"2020-03-20",,"2020-03-20",,"2020-04-01","2020-05-04"
"Maranhão",4759,"2020-07-29","2020-06-08","2020-08-31","2020-07-31","2020-06-11","2020-08-25","2020-07-30","2020-06-12","2020-08-24",11878,452,9298,388,2580,64,,,,,"2020-03-17",,"2020-03-21",,"2020-03-21",,"2020-03-21",
"Marche",35505,"2020-03-27","2020-03-25","2020-12-27","2020-03-27","2020-03-26","2020-12-27","2020-03-27","2020-03-26","2020-12-27",5478,171,4243,120,1235,51,"2020-03-22","2020-05-04","2020-03-11","2020-06-03","2020-03-05",,"2020-03-07",,"2020-03-07","2020-06-15","2020-03-11","2020-04-14"
"Maryland",543,"2020-04-24","2020-04-19","2020-12-27","2020-12-27","2020-04-23","2020-12-27","2020-12-27","2020-04-23","2020-12-27",14350,1030,10389,764,3961,266,,,"2020-03-30","2020-05-15","2020-03-16",,"2020-03-16","2020-06-10","2020-03-16",,"2020-03-23","2020-05-15"
"Massachusetts",544,"2020-04-23","2020-04-20","2020-12-16","2020-04-23","2020-04-23","2020-12-15","2020-04-23","2020-04-23","2020-12-15",20197,1250,15348,973,4849,277,,,,,"2020-03-17",,"2020-03-13",,"2020-03-17",,"2020-03-24","2020-05-18"
"Mato Grosso",4762,"2020-07-29","2020-07-04","2020-08-02","2020-07-29","2020-07-06","2020-08-01","2020-07-29","2020-07-06","2020-08-01",6248,448,4861,383,1387,65,,,"2020-03-31",,"2020-03-23",,"2020-03-16",,"2020-03-26",,"2020-03-26","2020-04-22"
"Mato Grosso do Sul",4761,"2020-09-04","2020-07-06","2020-09-07","2020-09-04","2020-07-06","2020-09-07","2020-09-04","2020-07-06","2020-09-07",5019,310,3905,265,1114,45,,,,,"2020-03-23",,"2020-03-16",,,,,
"Mauritania",212,"2020-12-27","2020-06-05","2020-12-27","2020-12-27","2020-06-06","2020-12-27","2020-12-27","2020-06-06","2020-12-27",1697,13,971,6,726,7,"2020-03-29",,,,"2020-03-16",,"2020-03-19",,"2020-03-19",,,
"Mauritius",183,"2019-12-18","2019-12-18","2019-12-18","2019-12-18","2019-12-18","2019-12-18","2019-12-18","2019-12-18","2019-12-18",3289,39,2124,26,1165,13,"2020-03-23","2020-05-30","2020-03-23","2020-05-30","2020-03-19",,"2020-03-23","2020-06-12","2020-03-23","2020-06-15","2020-03-23","2020-06-12"
"Mecklenburg-Vorpommern",60385,"2020-04-12","2020-04-04","2020-04-13","2020-04-13","2020-04-04","2020-04-13","2020-04-13","2020-04-03","2020-04-13",,,,,,,,,"2020-03-23","2020-05-07","2020-03-16",,"2020-03-23",,"2020-03-18",,"2020-03-18","2020-04-20"
"Mexico",130,"2020-12-27","2020-12-27","2020-12-27","2020-12-27","2020-12-27","2020-12-27","2020-12-27","2020-12-27","2020-12-27",113372,5678,72644,4518,40728,1160,,,,,"2020-03-23",,"2020-03-24",,"2020-04-04",,"2020-04-04",
"Mexico City",4651,"2020-12-27","2020-06-03","2020-12-27","2020-12-27","2020-06-06","2020-12-27","2020-12-27","2020-06-06","2020-12-27",15760,927,9807,728,5953,199,,,"2020-06-22",,"2020-03-19",,"2020-03-16",,"2020-03-30",,"2020-04-01","2020-06-01"
"Michigan",545,"2020-04-14","2020-04-10","2020-12-27","2020-04-13","2020-04-13","2020-12-27","2020-04-13","2020-04-13","2020-12-27",28300,2164,18145,1421,10155,743,,,"2020-03-24","2020-06-01","2020-03-16",,"2020-03-13",,"2020-03-16",,"2020-03-23","2020-05-07"
"Michoacán de Ocampo",4658,"2020-11-20","2020-06-15","2020-11-23","2020-11-20","2020-06-17","2020-11-23","2020-11-20","2020-06-13","2020-11-23",3750,103,2122,75,1628,28,,,"2020-06-22",,"2020-03-23",,"2020-03-15",,"2020-03-23",,"2020-03-30",
"Minas Gerais",4760,"2020-09-05","2020-07-05","2020-09-08","2020-09-05","2020-07-06","2020-09-07","2020-09-05","2020-07-06","2020-09-07",37384,2788,29051,2386,8333,402,,,,,"2020-03-20",,"2020-03-22",,"2020-03-22",,,
"Minnesota",546,"2020-05-25","2020-05-01","2020-05-30","2020-05-03","2020-05-03","2020-05-03","2020-05-03","2020-05-03","2020-05-03",15196,1140,10212,785,4984,355,,,"2020-03-28","2020-05-18","2020-03-18",,"2020-03-28",,"2020-03-17","2020-06-10",,
"Mississippi",547,"2020-11-22","2020-07-15","2020-11-26","2020-11-22","2020-07-17","2020-11-25","2020-11-22","2020-07-17","2020-11-25",14005,862,8272,521,5733,341,,,"2020-04-03","2020-04-27","2020-03-19",,"2020-03-24",,"2020-03-24",,"2020-04-03","2020-04-27"
"Missouri",548,"2020-05-03","2020-04-23","2020-12-27","2020-05-03","2020-04-29","2020-12-27","2020-05-03","2020-04-29","2020-12-27",21575,1586,13642,1027,7933,559,,,"2020-04-06","2020-05-15","2020-03-23",,"2020-03-23","2020-05-04","2020-03-23","2020-06-16",,
"Molise",35508,"2020-03-23","2020-03-23","2020-03-23","2020-03-24","2020-03-23","2020-03-24","2020-03-24","2020-03-23","2020-03-24",1085,33,842,23,243,10,"2020-03-22","2020-05-04","2020-03-11","2020-06-03","2020-03-05",,"2020-03-11",,"2020-03-11","2020-06-15","2020-03-11","2020-04-14"
"Monaco",367,"2020-12-26","2019-12-18","2020-12-27","2020-12-26","2019-12-18","2020-12-27","2020-12-26","2019-12-18","2020-12-27",443,5,351,3,92,2,,,"2020-03-17","2020-05-04","2020-03-14",,"2020-03-17",,"2020-03-17","2020-06-15",,
"Montana",549,"2020-09-27","2020-07-03","2020-12-27","2020-09-27","2020-07-08","2020-12-27","2020-09-27","2020-07-07","2020-12-27",4145,219,2475,134,1670,85,,,"2020-03-26","2020-04-26","2020-03-15",,"2020-03-24","2020-06-01","2020-03-20","2020-06-01","2020-03-26","2020-05-01"
"Morelos",4659,"2020-11-05","2020-05-11","2020-11-08","2020-11-05","2020-05-13","2020-11-08","2020-11-05","2020-05-12","2020-11-08",1389,79,886,63,503,16,,,"2020-06-22",,"2020-03-17",,"2020-03-20",,"2020-03-23",,"2020-03-30",
"Mozambique",184,"2020-11-10","2019-12-18","2020-12-11","2020-11-11","2019-12-18","2020-12-11","2020-11-10","2019-12-18","2020-12-13",20258,86,9620,35,10638,51,,,,,"2020-03-23",,"2020-03-23",,"2020-03-30",,,
"Murcia",60366,"2020-11-25","2020-03-31","2020-11-27","2020-11-25","2020-04-01","2020-11-27","2020-11-25","2020-03-31","2020-11-27",,,,,,,,,"2020-03-15","2020-05-11","2020-03-14",,"2020-03-15",,"2020-03-15",,"2020-03-15","2020-04-13"
"Myanmar",15,"2019-12-18","2019-12-18","2019-12-18","2019-12-18","2019-12-18","2019-12-18","2019-12-18","2019-12-18","2019-12-18",33491,493,22546,354,10945,139,"2020-03-12",,,,"2020-03-24",,"2020-03-13",,"2020-03-24",,,
"México",4657,"2020-12-06","2020-06-18","2020-12-08","2020-12-06","2020-06-21","2020-12-08","2020-12-05","2020-06-21","2020-12-08",11380,546,6637,410,4743,136,,,"2020-04-02",,"2020-03-22",,"2020-03-24",,"2020-03-23",,"2020-04-02",
"Navarre",60370,"2020-04-01","2020-03-29","2020-12-12","2020-04-01","2020-03-31","2020-12-12","2020-04-01","2020-03-30","2020-12-12",,,,,,,,,"2020-03-15","2020-05-11","2020-03-14",,"2020-03-15",,"2020-03-15",,"2020-03-15","2020-04-13"
"Nayarit",4660,"2020-11-13","2020-06-12","2020-11-16","2020-11-13","2020-06-15","2020-11-16","2020-11-13","2020-06-11","2020-11-16",824,26,522,20,302,6,,,"2020-06-22",,"2020-03-22",,"2020-03-15",,"2020-03-23",,"2020-03-30",
"Nebraska",550,"2020-06-15","2020-05-04","2020-06-16","2020-06-16","2020-05-06","2020-06-16","2020-06-16","2020-05-05","2020-06-16",7413,569,4283,336,3130,233,,,,,"2020-04-02",,"2020-03-16",,"2020-03-19",,,
"Nepal",164,"2020-07-04","2020-05-28","2020-07-28","2020-06-15","2020-06-05","2020-07-29","2020-06-23","2020-06-01","2020-07-27",5529,1155,4421,903,1108,252,"2020-03-24","2020-06-15","2020-03-24","2020-06-15","2020-03-18",,"2020-03-18",,"2020-03-18",,"2020-03-22","2020-06-15"
"Netherlands",89,"2020-04-06","2020-04-04","2020-12-27","2020-04-06","2020-04-06","2020-12-27","2020-04-06","2020-04-06","2020-12-27",62855,1464,40375,812,22480,652,,,,,"2020-03-15","2020-06-15","2020-03-10",,"2020-03-12",,,
"Nevada",551,"2020-09-11","2020-07-29","2020-12-27","2020-09-11","2020-07-30","2020-12-27","2020-09-11","2020-07-27","2020-12-27",8006,696,5758,513,2248,183,,,"2020-03-31","2020-05-09","2020-03-16",,"2020-03-24",,"2020-03-18",,"2020-03-21","2020-05-09"
"New Jersey",553,"2020-04-17","2020-04-14","2020-04-23","2020-04-17","2020-04-16","2020-04-19","2020-04-17","2020-04-16","2020-04-23",25996,1643,18181,1177,7815,466,,,"2020-03-21","2020-06-09","2020-03-18",,"2020-03-16",,"2020-03-16",,"2020-03-21","2020-05-02"
"New Mexico",554,"2020-12-23","2020-05-02","2020-12-26","2020-12-23","2020-05-03","2020-12-26","2020-12-23","2020-05-01","2020-12-26",4756,331,3003,214,1753,117,,,,,"2020-03-13",,"2020-03-12",,"2020-03-16",,"2020-03-24","2020-05-15"
"New York",555,"2020-04-08","2020-04-06","2020-04-11","2020-04-08","2020-04-08","2020-04-08","2020-04-08","2020-04-08","2020-04-08",62232,3787,49221,3069,13011,718,,,"2020-03-22","2020-06-08","2020-03-18",,"2020-03-12",,"2020-03-16",,"2020-03-22","2020-06-08"
"New Zealand",72,"2020-04-22","2020-04-10","2020-04-22","2020-04-22","2020-04-13","2020-04-22","2020-04-22","2020-04-09","2020-04-22",14520,267,11591,201,2929,66,,,"2020-03-24","2020-05-14","2020-03-24","2020-05-18","2020-03-16","2020-06-09","2020-03-24","2020-06-09","2020-03-24","2020-04-28"
"Newfoundland and Labrador",43862,"2019-12-18","2019-12-18","2019-12-18","2019-12-18","2019-12-18","2019-12-18","2019-12-18","2019-12-18","2019-12-18",,,,,,,,,,,"2020-03-17",,"2020-03-23",,"2020-03-23",,,
"Nicaragua",131,"2020-06-02","2020-05-20","2020-12-27","2020-05-31","2020-05-24","2020-12-27","2020-06-02","2020-05-19","2020-12-27",5889,201,4083,135,1806,66,,,,,,,,,,,,
"Niger",213,"2020-04-13","2020-04-01","2020-05-21","2020-04-28","2020-04-09","2020-05-21","2020-05-20","2020-04-07","2020-05-21",5436,60,3207,33,2229,27,,,,,"2020-03-17",,"2020-03-13","2020-05-25","2020-03-18",,,
"Nigeria",214,"2020-12-27","2020-12-19","2020-12-27","2020-12-27","2020-12-19","2020-12-27","2020-12-27","2020-12-18","2020-12-27",187203,1020,106545,543,80658,477,,,,,"2020-03-23",,,,"2020-03-29",,,
"North Carolina",556,"2020-12-27","2020-04-22","2020-12-27","2020-12-27","2020-04-23","2020-12-27","2020-12-27","2020-04-23","2020-12-27",24713,2096,17587,1528,7126,568,,,"2020-03-30","2020-05-08","2020-03-14",,"2020-03-14",,"2020-03-17",,"2020-03-30","2020-05-08"
"North Dakota",557,"2020-10-21","2020-05-19","2020-10-24","2020-10-21","2020-04-12","2020-10-24","2020-10-21","2020-04-12","2020-10-24",3779,219,2234,132,1545,87,,,,,"2020-03-16",,,,"2020-03-20",,,
"North Macedonia",49,"2020-10-20","2020-06-24","2020-10-23","2020-10-20","2020-06-25","2020-10-22","2020-10-20","2020-06-25","2020-10-22",8855,213,5361,98,3494,115,,,"2020-03-22","2020-05-13","2020-03-10",,"2020-03-22",,"2020-03-14",,"2020-03-14","2020-05-13"
"North Rhine-Westphalia",60386,"2020-04-14","2020-04-12","2020-12-27","2020-04-14","2020-04-14","2020-12-27","2020-04-14","2020-04-14","2020-12-27",,,,,,,,,"2020-03-23","2020-05-11","2020-03-16",,"2020-03-23",,"2020-02-26",,"2020-03-23","2020-04-20"
"Norway",90,"2020-04-07","2020-04-05","2020-04-10","2020-04-07","2020-04-07","2020-04-08","2020-04-07","2020-04-07","2020-04-07",20312,428,16866,325,3446,103,,,,,"2020-03-12","2020-05-15","2020-03-12",,"2020-03-12",,,
"Nova Scotia",43864,"2020-05-04","2020-04-23","2020-12-27","2020-05-04","2020-04-24","2020-12-27","2020-05-04","2020-04-22","2020-12-27",,,,,,,,,,,"2020-03-16",,"2020-03-15",,"2020-03-15",,,
"Nuevo León",4661,"2020-12-27","2020-09-06","2020-12-27","2020-12-27","2020-09-09","2020-12-27","2020-12-27","2020-09-09","2020-12-27",5736,438,4068,372,1668,66,,,"2020-06-22",,"2020-03-22",,"2020-03-23",,"2020-03-24",,"2020-03-30",
"Oaxaca",4662,"2020-11-03","2020-06-12","2020-11-06","2020-11-03","2020-06-14","2020-11-06","2020-11-03","2020-06-12","2020-11-06",2763,67,1490,47,1273,20,,,"2020-06-22",,"2020-03-22",,"2020-03-12",,"2020-03-23",,"2020-03-30",
"Ohio",558,"2020-12-27","2020-04-29","2020-12-27","2020-12-27","2020-05-04","2020-12-27","2020-12-27","2020-05-04","2020-12-27",37351,3371,23060,2132,14291,1239,,,"2020-03-23","2020-05-20","2020-03-16",,"2020-03-12",,"2020-03-15",,"2020-03-23","2020-05-04"
"Oklahoma",559,"2020-12-22","2020-04-14","2020-12-25","2020-12-22","2020-04-15","2020-12-25","2020-12-22","2020-04-15","2020-12-25",13153,1166,7695,699,5458,467,,,,,"2020-03-17",,"2020-03-24","2020-05-24","2020-04-01","2020-06-01","2020-04-01","2020-04-24"
"Oman",150,"2020-10-02","2020-09-13","2020-10-05","2020-10-02","2020-09-14","2020-10-05","2020-10-02","2020-09-13","2020-10-05",7055,210,4270,121,2785,89,,,,,"2020-03-15",,"2020-04-21",,"2020-03-31",,,
"Ontario",43866,"2020-04-28","2020-04-24","2020-12-27","2020-04-29","2020-04-27","2020-12-27","2020-04-29","2020-04-27","2020-12-27",,,,,,,,,,,"2020-03-16",,"2020-03-16",,"2020-03-16",,"2020-04-05","2020-05-04"
"Oregon",560,"2020-12-25","2020-12-23","2020-12-27","2020-12-25","2020-12-23","2020-12-27","2020-12-25","2020-12-23","2020-12-27",7900,655,5242,445,2658,210,,,"2020-03-23","2020-06-19","2020-03-16",,"2020-03-12",,"2020-03-17",,,
"Panama",132,"2020-12-27","2020-12-22","2020-12-27","2020-12-27","2020-12-23","2020-12-27","2020-12-27","2020-12-22","2020-12-27",8541,310,4666,155,3875,155,"2020-03-13","2020-06-01","2020-03-25","2020-06-01","2020-03-16",,"2020-03-25",,"2020-03-25",,"2020-03-25","2020-05-13"
"Paraguay",136,"2020-11-18","2019-12-18","2020-12-11","2020-11-17","2019-12-18","2020-12-15","2020-11-17","2019-12-18","2020-12-11",7433,618,5988,541,1445,77,,,"2020-03-20",,"2020-03-11",,"2020-03-10",,"2020-03-12",,,
"Paraná",4765,"2020-08-23","2020-08-17","2020-08-26","2020-08-23","2020-08-21","2020-08-26","2020-08-23","2020-08-21","2020-08-25",24607,1857,19086,1587,5521,270,,,,,"2020-03-20",,"2020-03-16",,"2020-03-16",,"2020-03-21","2020-06-22"
"Paraíba",4764,"2020-08-11","2020-07-05","2020-08-15","2020-08-11","2020-07-06","2020-08-14","2020-08-11","2020-07-06","2020-08-14",7343,401,5714,343,1629,58,,,,,"2020-03-19",,"2020-03-17",,"2020-03-29",,,
"Pará",4763,"2020-05-22","2020-05-18","2020-05-27","2020-05-22","2020-05-21","2020-05-24","2020-05-22","2020-05-21","2020-05-22",12090,606,9452,520,2638,86,"2020-04-06",,,,"2020-03-24",,"2020-03-27",,"2020-03-20",,"2020-03-20",
"Pennsylvania",561,"2020-04-29","2020-04-24","2020-12-27","2020-04-29","2020-04-27","2020-12-27","2020-04-29","2020-04-28","2020-12-27",42658,3250,28263,2206,14395,1044,,,"2020-04-01","2020-06-05","2020-03-17",,"2020-04-01",,"2020-03-18","2020-07-03","2020-03-23","2020-05-08"
"Pernambuco",4766,"2020-05-23","2020-05-18","2020-10-02","2020-05-22","2020-05-21","2020-10-02","2020-05-22","2020-05-21","2020-10-02",18753,1271,14617,1089,4136,182,,,,,"2020-03-18",,,,"2020-03-19",,"2020-03-20",
"Peru",123,"2020-06-04","2020-05-20","2020-11-17","2020-06-04","2020-05-31","2020-11-08","2020-06-04","2020-06-02","2020-11-06",40950,862,23332,774,17618,88,,,"2020-03-16",,"2020-03-16",,"2020-03-12",,"2020-03-16",,"2020-03-16","2020-05-01"
"Philippines",16,"2020-12-27","2020-04-10","2020-12-27","2020-12-27","2020-04-12","2020-12-27","2020-12-27","2020-04-12","2020-12-27",93000,2423,62131,1729,30869,694,,,,,"2020-03-16",,,,,,,
"Piaui",4767,"2020-07-29","2020-07-05","2020-08-02","2020-07-29","2020-07-06","2020-08-01","2020-07-29","2020-07-06","2020-08-01",6350,228,4946,195,1404,33,,,,,"2020-03-16",,"2020-03-16",,"2020-03-19",,"2020-03-23",
"Piemonte",35494,"2020-04-09","2020-04-04","2020-12-27","2020-04-09","2020-04-08","2020-12-27","2020-04-09","2020-04-08","2020-12-27",15250,477,11816,337,3434,140,"2020-03-22","2020-05-04","2020-03-11","2020-06-03","2020-03-05",,"2020-03-07",,"2020-03-07","2020-06-15","2020-03-11","2020-04-14"
"Poland",51,"2020-12-27","2020-04-16","2020-12-27","2020-12-27","2020-04-18","2020-12-27","2020-12-27","2020-04-17","2020-12-27",202488,9796,145905,5902,56583,3894,,,"2020-03-24","2020-04-20","2020-03-12","2020-05-24","2020-03-10",,"2020-03-31",,,
"Portugal",91,"2020-09-26","2020-04-08","2020-09-29","2020-09-26","2020-04-09","2020-09-29","2020-09-26","2020-04-09","2020-09-29",34886,548,23997,334,10889,214,"2020-04-09","2020-05-02","2020-03-19","2020-05-02","2020-03-16",,"2020-03-19",,"2020-03-16",,"2020-03-19","2020-05-02"
"Provincia autonoma di Bolzano",35498,"2020-04-02","2020-03-30","2020-12-27","2020-04-02","2020-03-31","2020-12-27","2020-04-02","2020-03-31","2020-12-27",1739,56,1348,39,391,17,"2020-03-22","2020-05-04","2020-03-11","2020-06-03","2020-03-05",,"2020-03-11",,"2020-03-11","2020-06-15","2020-03-11","2020-04-14"
"Provincia autonoma di Trento",35499,"2020-04-01","2020-03-29","2020-12-27","2020-04-01","2020-03-31","2020-12-27","2020-04-01","2020-03-31","2020-12-27",1842,58,1427,40,415,18,"2020-03-22","2020-05-04","2020-03-11","2020-06-03","2020-03-05",,"2020-03-11",,"2020-03-11","2020-06-15","2020-03-11","2020-04-14"
"Puebla",4663,"2020-09-28","2020-06-29","2020-10-02","2020-09-28","2020-07-04","2020-10-01","2020-09-28","2020-07-05","2020-10-01",5256,243,2993,179,2263,64,,,"2020-06-22",,"2020-03-22",,"2020-03-23",,"2020-03-29",,"2020-03-30",
"Puerto Rico",385,"2020-12-27","2020-04-06","2020-04-23","2020-12-27","2020-04-08","2020-04-21","2020-12-27","2020-04-06","2020-04-21",7214,151,4523,94,2691,57,,,"2020-03-16","2020-06-16","2020-03-16",,"2020-03-12",,"2020-03-16","2020-06-16","2020-03-16","2020-05-04"
"Puglia",35510,"2020-04-05","2020-04-02","2020-12-27","2020-04-05","2020-04-05","2020-12-27","2020-04-05","2020-04-05","2020-12-27",15180,456,11766,322,3414,134,"2020-03-22","2020-05-04","2020-03-11","2020-06-03","2020-03-05",,"2020-03-11",,"2020-03-11","2020-06-15","2020-03-11","2020-04-14"
"Qatar",151,"2020-12-27","2020-12-08","2020-12-27","2020-12-27","2020-12-10","2020-12-27","2020-12-27","2020-12-09","2020-12-27",3700,180,2427,114,1273,66,,,,,"2020-03-10",,"2020-03-14",,"2020-03-13",,"2020-03-13","2020-06-15"
"Quebec",43868,"2020-11-10","2020-04-22","2020-11-12","2020-11-10","2020-04-25","2020-11-12","2020-11-10","2020-04-25","2020-11-12",,,,,,,,,,,"2020-03-16",,"2020-03-12",,"2020-03-15",,"2020-03-23","2020-05-11"
"Querétaro",4664,"2020-12-27","2020-08-10","2020-12-27","2020-12-27","2020-08-11","2020-12-27","2020-12-27","2020-08-10","2020-12-27",1515,156,1106,134,409,22,,,"2020-06-22",,"2020-03-15",,"2020-03-13",,"2020-03-23",,"2020-03-30",
"Quintana Roo",4665,"2020-12-26","2020-12-13","2020-12-27","2020-12-26","2020-12-13","2020-12-27","2020-12-25","2020-12-14","2020-12-27",1237,92,959,81,278,11,,,"2020-06-22",,"2020-03-22",,"2020-03-24",,"2020-03-23",,"2020-03-30",
"Republic of Korea",68,"2020-03-25","2020-03-21","2020-03-29","2020-03-25","2020-03-24","2020-03-25","2020-03-25","2020-03-24","2020-03-25",434363,7937,292445,4951,141918,2986,,,,,"2020-03-02","2020-06-08",,,"2020-03-22",,,
"Republic of Moldova",61,"2020-11-16","2020-06-23","2020-11-19","2020-11-16","2020-06-23","2020-11-19","2020-11-16","2020-06-23","2020-11-19",18284,409,14848,292,3436,117,,,"2020-03-25","2020-05-16","2020-03-11",,"2020-03-10",,"2020-03-13",,"2020-03-16","2020-06-01"
"Rhineland-Palatinate",60387,"2020-04-18","2020-04-13","2020-12-27","2020-04-18","2020-04-14","2020-12-27","2020-04-18","2020-04-14","2020-12-27",,,,,,,,,"2020-03-22","2020-05-13","2020-03-16",,"2020-03-22",,"2020-03-23",,"2020-03-23","2020-04-20"
"Rhode Island",562,"2020-05-22","2020-04-30","2020-05-26","2020-05-22","2020-05-12","2020-05-23","2020-05-23","2020-05-12","2020-05-23",2757,153,1962,111,795,42,,,"2020-03-28","2020-05-09","2020-03-16",,"2020-03-17",,"2020-03-17",,,
"Rio Grande do Norte",4769,"2020-06-30","2020-06-27","2020-08-01","2020-06-30","2020-06-28","2020-07-31","2020-06-30","2020-06-28","2020-07-31",6535,401,5079,343,1456,58,"2020-06-04",,,,"2020-03-24",,"2020-04-01",,"2020-04-01",,"2020-04-01",
"Rio Grande do Sul",4772,"2020-09-05","2020-07-06","2020-09-07","2020-09-05","2020-07-06","2020-09-07","2020-09-04","2020-07-06","2020-09-07",27428,1570,21185,1339,6243,231,,,,,"2020-04-01",,"2020-03-19",,"2020-03-19",,"2020-04-01","2020-04-08"
"Rio de Janeiro",4768,"2020-05-25","2020-05-21","2020-10-23","2020-05-25","2020-05-23","2020-10-23","2020-05-24","2020-05-23","2020-10-23",34471,3815,26779,3264,7692,551,,,"2020-03-30",,"2020-03-13",,"2020-03-13",,"2020-03-16",,,
"Romania",52,"2020-10-29","2020-10-26","2020-10-31","2020-10-28","2020-10-26","2020-10-31","2020-10-28","2020-10-26","2020-10-31",127336,4503,95601,2872,31735,1631,,,"2020-03-23","2020-05-15","2020-03-11",,"2020-03-06",,"2020-03-21",,"2020-03-21","2020-05-15"
"Rondônia",4770,"2020-06-14","2020-06-10","2020-07-30","2020-06-14","2020-06-11","2020-07-30","2020-06-14","2020-06-11","2020-07-29",3741,194,2907,166,834,28,,,,,"2020-03-17",,"2020-03-20",,"2020-03-20",,"2020-03-20",
"Roraima",4771,"2020-07-03","2020-06-25","2020-07-29","2020-07-03","2020-06-28","2020-07-29","2020-07-03","2020-06-28","2020-07-28",1016,23,791,19,225,4,,,,,"2020-03-17",,"2020-03-16",,"2020-03-22",,"2020-03-27",
"Russian Federation",62,"2020-12-09","2020-12-06","2020-12-11","2020-12-08","2020-12-07","2020-12-11","2020-12-08","2020-12-06","2020-12-11",1119958,20042,914832,14406,205126,5636,,,,,"2020-03-23",,,,"2020-03-30","2020-06-23","2020-03-30","2020-05-12"
"Rwanda",185,"2019-12-18","2019-12-18","2019-12-18","2019-12-18","2019-12-18","2019-12-18","2019-12-18","2019-12-18","2019-12-18",19316,53,8889,21,10427,32,"2020-03-21",,"2020-03-21","2020-05-04","2020-03-16",,"2020-03-17",,"2020-03-21",,"2020-03-21","2020-05-04"
"Saarland",60388,"2020-12-07","2020-04-13","2020-12-09","2020-12-07","2020-04-14","2020-12-09","2020-12-07","2020-04-14","2020-12-09",,,,,,,,,"2020-03-21","2020-05-18","2020-03-16",,"2020-03-21",,"2020-03-15",,,
"San Luis Potosí",4666,"2020-12-27","2020-08-08","2020-12-27","2020-12-27","2020-08-09","2020-12-27","2020-12-27","2020-08-09","2020-12-27",2242,114,1563,96,679,18,,,"2020-06-22",,"2020-03-22",,"2020-03-20",,"2020-03-22",,"2020-03-30",
"San Marino",396,"2020-03-26","2020-03-10","2020-12-12","2020-03-29","2020-03-17","2020-12-12","2020-03-30","2020-03-09","2020-12-11",147,2,93,1,54,1,,,,,"2020-02-23",,"2020-03-08",,"2020-03-08","2020-06-15",,
"Santa Catarina",4773,"2020-09-16","2020-07-06","2020-09-19","2020-09-16","2020-07-06","2020-09-18","2020-09-16","2020-07-06","2020-09-18",14354,766,11109,654,3245,112,,,,,"2020-03-19",,"2020-03-17",,"2020-03-17",,"2020-03-17","2020-04-13"
"Sao Tome and Principe",215,"2020-12-25","2019-12-18","2020-12-27","2020-12-24","2019-12-18","2020-12-27","2020-12-19","2019-12-18","2020-12-27",464,1,255,0,209,1,,,,,"2020-03-19",,"2020-03-19",,"2020-03-19",,,
"Sardegna",35514,"2020-10-25","2020-04-03","2020-10-27","2020-10-24","2020-04-03","2020-10-27","2020-10-24","2020-04-03","2020-10-27",6006,182,4655,128,1351,54,"2020-03-22","2020-05-04","2020-03-11","2020-06-03","2020-03-05",,"2020-03-11",,"2020-03-11","2020-06-15","2020-03-11","2020-04-14"
"Saskatchewan",43869,"2019-12-18","2019-12-18","2019-12-18","2019-12-18","2019-12-18","2019-12-18","2019-12-18","2019-12-18","2019-12-18",,,,,,,,,,,"2020-03-20",,"2020-03-13",,"2020-03-18",,,
"Saxony",60390,"2020-04-15","2020-04-10","2020-04-17","2020-04-15","2020-04-11","2020-04-15","2020-04-15","2020-04-11","2020-04-15",,,,,,,,,"2020-03-23","2020-04-20","2020-03-23","2020-06-06","2020-03-23",,"2020-03-23",,"2020-03-23","2020-04-20"
"Saxony-Anhalt",60389,"2020-05-07","2020-03-29","2020-05-07","2020-04-20","2020-04-04","2020-05-07","2020-05-05","2020-03-28","2020-05-06",,,,,,,,,"2020-03-22","2020-05-04","2020-03-16","2020-06-15","2020-03-22",,"2020-03-24",,"2020-03-24","2020-04-20"
"Schleswig-Holstein",60391,"2020-12-27","2020-04-11","2020-12-27","2020-12-27","2020-04-12","2020-12-27","2020-12-27","2020-04-11","2020-12-27",,,,,,,,,"2020-03-24","2020-05-09","2020-03-16",,"2020-03-24",,"2020-03-14",,"2020-03-24","2020-04-20"
"Senegal",216,"2020-11-07","2020-10-27","2020-11-11","2020-11-07","2020-10-28","2020-11-10","2020-11-07","2020-10-27","2020-11-10",3861,40,2253,22,1608,18,,,,,"2020-03-16",,"2020-03-14",,,,,
"Serbia",53,"2020-12-13","2020-09-20","2020-12-27","2020-12-12","2020-09-19","2020-12-27","2020-12-12","2020-09-19","2020-12-27",40052,159,27391,88,12661,71,"2020-03-21","2020-04-23","2020-03-18","2020-05-07","2020-03-16",,"2020-03-11",,"2020-03-16",,"2020-03-16","2020-04-21"
"Sergipe",4774,"2020-07-29","2020-06-29","2020-08-01","2020-07-29","2020-07-05","2020-08-01","2020-07-29","2020-07-05","2020-08-01",2979,217,2330,186,649,31,,,,,"2020-03-16",,"2020-03-16",,"2020-03-20",,"2020-03-24","2020-04-16"
"Sicilia",35513,"2020-12-26","2020-03-31","2020-12-27","2020-12-25","2020-04-02","2020-12-27","2020-12-25","2020-03-31","2020-12-27",18864,566,14638,400,4226,166,"2020-03-22","2020-05-04","2020-03-11","2020-06-03","2020-03-05",,"2020-03-11",,"2020-03-11","2020-06-15","2020-03-11","2020-04-14"
"Sierra Leone",217,"2020-12-27","2020-05-08","2020-12-27","2020-12-27","2020-05-09","2020-12-27","2020-12-27","2020-05-07","2020-12-27",4069,30,2350,16,1719,14,,,"2020-04-05","2020-04-08","2020-03-31",,"2020-03-16",,"2020-04-11",,"2020-04-11",
"Sinaloa",4667,"2020-12-27","2020-12-24","2020-12-27","2020-12-27","2020-12-27","2020-12-27","2020-12-27","2020-12-26","2020-12-27",2764,151,1967,128,797,23,,,,,"2020-03-19",,"2020-03-20",,"2020-03-23",,"2020-03-30",
"Singapore",69,"2019-12-18","2019-12-18","2019-12-18","2019-12-18","2019-12-18","2019-12-18","2019-12-18","2019-12-18","2019-12-18",14131,488,11115,363,3016,125,,,"2020-04-07","2020-06-02","2020-04-08","2020-06-29","2020-03-20",,"2020-03-26",,"2020-04-07","2020-06-02"
"Slovakia",54,"2020-04-30","2020-04-13","2020-04-30","2020-04-22","2020-04-18","2020-04-30","2020-04-28","2020-04-12","2020-04-30",32696,523,22330,291,10366,232,"2020-04-08","2020-04-14",,,"2020-03-12","2020-06-22","2020-03-12",,"2020-03-16",,"2020-03-16","2020-03-30"
"Slovenia",55,"2020-12-27","2020-04-04","2020-12-27","2020-12-27","2020-04-06","2020-12-27","2020-12-27","2020-04-03","2020-12-27",9356,148,6639,87,2717,61,"2020-03-16","2020-04-30",,,"2020-03-16",,"2020-03-12",,"2020-03-15",,"2020-03-15","2020-04-20"
"Somalia",187,"2020-05-07","2020-04-24","2020-05-09","2020-05-08","2020-04-30","2020-05-09","2020-05-03","2020-04-24","2020-05-09",13059,57,6280,24,6779,33,,,,,"2020-03-19",,"2020-03-19","2020-05-29",,,,
"Sonora",4668,"2020-12-27","2020-06-30","2020-12-27","2020-12-27","2020-07-01","2020-12-27","2020-12-27","2020-07-01","2020-12-27",3307,174,2241,144,1066,30,,,"2020-04-12",,"2020-03-16",,"2020-03-17",,"2020-03-23",,"2020-03-30",
"South Carolina",563,"2020-10-05","2020-07-23","2020-10-08","2020-10-05","2020-07-24","2020-10-08","2020-10-05","2020-07-24","2020-10-08",13707,1244,9027,839,4680,405,,,"2020-04-07","2020-05-04","2020-03-16",,"2020-03-18",,"2020-03-18",,,
"South Dakota",564,"2020-12-27","2020-12-26","2020-12-27","2020-12-27","2020-12-27","2020-12-27","2020-12-27","2020-12-27","2020-12-27",4733,202,2927,128,1806,74,,,,,"2020-03-16",,"2020-04-06","2020-04-28",,,,
"South Sudan",435,"2020-06-08","2020-05-25","2020-06-17","2020-06-03","2020-06-03","2020-06-17","2020-06-07","2020-05-28","2020-06-17",8928,32,4185,13,4743,19,"2020-04-12",,"2020-05-01",,"2020-03-20",,"2020-03-20",,"2020-03-28",,"2020-03-28","2020-05-08"
"Spain",92,"2020-03-30","2020-03-29","2020-11-25","2020-03-30","2020-03-30","2020-11-24","2020-03-30","2020-03-30","2020-11-24",139340,3752,105927,2564,33413,1188,,,,,,,,,,,,
"Sri Lanka",17,"2019-12-18","2019-12-18","2019-12-18","2019-12-18","2019-12-18","2019-12-18","2019-12-18","2019-12-18","2019-12-18",74185,546,47446,373,26739,173,"2020-03-24","2020-04-27",,,"2020-03-13",,"2020-03-14",,"2020-03-14",,,
"Sudan",522,"2020-12-27","2020-06-01","2020-12-27","2020-12-27","2020-06-03","2020-12-27","2020-12-27","2020-06-01","2020-12-27",27036,1866,18440,1243,8596,623,"2020-04-12",,,,"2020-03-15",,"2020-03-15",,,,,
"Suriname",118,"2020-06-19","2020-06-18","2020-07-31","2020-06-19","2020-06-17","2020-08-03","2020-06-19","2020-06-17","2020-07-30",1495,26,1190,20,305,6,,,,,"2020-03-16",,"2020-04-06",,"2020-03-29",,,
"Sweden",93,"2020-04-16","2020-04-12","2020-12-27","2020-04-16","2020-04-15","2020-12-27","2020-04-16","2020-04-16","2020-12-27",30102,1077,22895,363,7207,714,,,,,,,"2020-03-11",,,,,
"Switzerland",94,"2020-04-05","2020-04-03","2020-04-07","2020-04-05","2020-04-04","2020-04-05","2020-04-05","2020-04-04","2020-04-05",40798,905,34202,694,6596,211,,,,,"2020-03-13","2020-06-08","2020-02-28",,"2020-03-16",,"2020-03-16","2020-04-27"
"São Paulo",4775,"2020-10-01","2020-06-10","2020-11-02","2020-09-29","2020-06-18","2020-10-25","2020-09-28","2020-06-19","2020-10-24",83998,7737,65144,6614,18854,1123,,,,,"2020-03-23",,"2020-03-14",,"2020-03-24",,"2020-03-24","2020-05-29"
"Tabasco",4669,"2020-12-27","2020-07-21","2020-12-27","2020-12-27","2020-07-25","2020-12-27","2020-12-27","2020-07-24","2020-12-27",1950,96,1352,80,598,16,,,,,"2020-03-22",,"2020-03-14",,"2020-03-23",,"2020-04-01",
"Tajikistan",39,"2020-05-13","2020-05-05","2020-05-13","2020-05-13","2020-05-10","2020-05-13","2020-05-13","2020-05-06","2020-05-13",47370,1083,32849,628,14521,455,,,,,"2020-05-04",,,,,,,
"Tamaulipas",4670,"2020-12-27","2020-07-05","2020-12-27","2020-12-27","2020-07-06","2020-12-27","2020-12-27","2020-07-06","2020-12-27",3578,192,2215,150,1363,42,,,"2020-06-22",,"2020-03-16",,"2020-03-13",,"2020-03-23",,"2020-03-30",
"Tennessee",565,"2020-12-27","2020-07-08","2020-12-27","2020-12-27","2020-07-08","2020-12-27","2020-12-27","2020-07-07","2020-12-27",21784,1834,13972,1205,7812,629,,,"2020-04-02","2020-05-26","2020-03-20",,"2020-03-23",,"2020-03-23",,"2020-04-01","2020-05-26"
"Texas",566,"2020-12-27","2020-08-06","2020-12-27","2020-12-27","2020-08-07","2020-12-27","2020-12-27","2020-08-06","2020-12-27",77428,6378,48794,4118,28634,2260,,,"2020-04-02","2020-05-01","2020-03-19",,"2020-03-21","2020-06-04","2020-03-21",,,
"Thailand",18,"2020-04-10","2020-04-01","2020-04-10","2020-04-10","2020-04-04","2020-04-10","2020-04-10","2020-04-01","2020-04-10",119138,6990,77032,4833,42106,2157,,,,,"2020-03-18",,,,,,,
"Thuringia",60392,"2020-04-29","2020-04-12","2020-05-11","2020-04-30","2020-04-15","2020-05-11","2020-04-30","2020-04-11","2020-05-11",,,,,,,,,"2020-03-22","2020-05-13","2020-03-17","2020-06-13","2020-03-22","2020-06-13","2020-03-15",,,
"Tlaxcala",4671,"2020-12-27","2020-07-13","2020-12-27","2020-12-27","2020-07-13","2020-12-27","2020-12-27","2020-07-13","2020-12-27",891,40,568,31,323,9,,,,,"2020-03-15",,"2020-03-27",,"2020-03-23",,"2020-03-23",
"Tocantins",4776,"2020-09-28","2020-06-11","2020-12-23","2020-09-29","2020-06-11","2020-12-26","2020-09-29","2020-06-11","2020-12-26",2535,112,1977,96,558,16,,,,,"2020-03-18",,"2020-03-21",,"2020-05-05",,"2020-05-05",
"Togo",218,"2020-12-27","2019-12-18","2019-12-18","2020-12-27","2019-12-18","2019-12-18","2020-12-27","2019-12-18","2019-12-18",5922,34,3380,18,2542,16,,,,,"2020-03-20",,"2020-03-20",,"2020-03-21",,,
"Toscana",35503,"2020-12-04","2020-04-05","2020-12-06","2020-12-04","2020-04-06","2020-12-06","2020-12-04","2020-04-05","2020-12-06",12916,406,10004,286,2912,120,"2020-03-22","2020-05-04","2020-03-11","2020-06-03","2020-03-05",,"2020-03-11",,"2020-03-11","2020-06-15","2020-03-11","2020-04-14"
"Trinidad and Tobago",119,"2019-12-18","2019-12-18","2019-12-18","2019-12-18","2019-12-18","2019-12-18","2019-12-18","2019-12-18","2019-12-18",3629,32,2308,20,1321,12,,,"2020-03-30","2020-05-24","2020-03-16",,"2020-03-16",,"2020-03-17",,"2020-03-30","2020-05-11"
"Turkey",155,"2020-12-27","2020-12-27","2020-12-27","2020-12-27","2020-12-27","2020-12-27","2020-12-27","2020-12-27","2020-12-27",204344,24282,133152,15345,71192,8937,,,,,"2020-03-16",,"2020-03-16","2020-05-29","2020-03-16",,,
"Ukraine",63,"2020-12-10","2020-12-08","2020-12-12","2020-12-10","2020-12-08","2020-12-12","2020-12-10","2020-12-08","2020-12-12",364537,6254,324748,4921,39789,1333,,,"2020-04-03","2020-06-05","2020-03-12",,"2020-03-12",,"2020-03-12",,"2020-03-17","2020-05-11"
"Umbria",35504,"2020-12-27","2020-03-22","2020-12-27","2020-12-27","2020-03-24","2020-12-27","2020-12-27","2020-03-21","2020-12-27",3216,100,2491,70,725,30,"2020-03-22","2020-05-04","2020-03-11","2020-06-03","2020-03-05",,"2020-03-11",,"2020-03-11","2020-06-15","2020-03-11","2020-04-14"
"United Arab Emirates",156,"2020-12-11","2020-12-09","2020-12-15","2020-12-12","2020-12-10","2020-12-15","2020-12-11","2020-12-09","2020-12-14",14160,625,9403,403,4757,222,,,"2020-03-23","2020-04-24","2020-03-08",,"2020-03-23",,"2020-03-23",,,
"United Kingdom",95,"2020-12-17","2020-04-08","2020-12-19","2020-12-17","2020-04-10","2020-12-19","2020-12-17","2020-04-10","2020-12-19",189549,5872,159085,4512,30464,1360,,,"2020-03-23","2020-06-19","2020-03-23",,"2020-03-16",,"2020-03-20",,"2020-03-24","2020-06-29"
"United States Virgin Islands",422,"2020-11-11","2019-12-18","2020-12-27","2020-11-11","2019-12-18","2020-12-27","2020-11-11","2019-12-18","2020-12-27",217,4,137,2,80,2,,,"2020-03-25","2020-05-04","2020-03-18",,"2020-03-21",,"2020-03-23","2020-06-01","2020-03-25","2020-05-04"
"United States of America",102,"2020-12-27","2020-04-12","2020-12-27","2020-12-27","2020-04-13","2020-12-27","2020-12-27","2020-04-13","2020-12-27",,,,,,,,,,,,,,,,,,
"Uruguay",99,"2020-04-08","2020-04-08","2020-04-08","2020-04-08","2020-04-07","2020-04-08","2020-04-08","2020-04-07","2020-04-08",8139,705,6080,428,2059,277,,,,,"2020-03-15","2020-06-29",,,"2020-03-17",,,
"Utah",567,"2020-12-06","2020-07-27","2020-12-09","2020-12-06","2020-07-28","2020-12-09","2020-12-06","2020-07-29","2020-12-09",6726,428,3955,257,2771,171,,,,,"2020-03-16",,"2020-03-19","2020-05-01","2020-03-19",,,
"Uzbekistan",41,"2020-10-03","2020-09-23","2020-12-27","2020-10-03","2020-09-24","2020-12-27","2020-10-03","2020-09-23","2020-12-27",153454,3833,129322,2852,24132,981,"2020-03-27","2020-05-18","2020-03-27",,"2020-03-16",,"2020-03-23",,"2020-03-21",,,
"Valencian Community",60371,"2020-12-27","2020-03-29","2020-12-27","2020-12-27","2020-03-31","2020-12-27","2020-12-27","2020-03-30","2020-12-27",,,,,,,,,"2020-03-15","2020-05-11","2020-03-14",,"2020-03-15",,"2020-03-15",,"2020-03-15","2020-04-13"
"Valle d'Aosta",35495,"2020-04-02","2020-03-27","2020-04-04","2020-04-02","2020-03-29","2020-04-02","2020-04-02","2020-03-28","2020-04-02",437,13,338,9,99,4,"2020-03-22","2020-05-04","2020-03-11","2020-06-03","2020-03-05",,"2020-03-11",,"2020-03-11","2020-06-15","2020-03-11","2020-04-14"
"Veneto",35500,"2020-12-01","2020-04-01","2020-12-04","2020-12-01","2020-04-03","2020-12-04","2020-12-01","2020-04-03","2020-12-03",17206,539,13325,380,3881,159,"2020-03-22","2020-05-04","2020-03-11","2020-06-03","2020-03-01",,"2020-02-22",,"2020-02-22","2020-06-15","2020-03-11","2020-04-14"
"Venezuela (Bolivarian Republic of)",133,"2020-11-07","2020-11-05","2020-11-10","2020-11-07","2020-11-05","2020-11-10","2020-11-07","2020-11-05","2020-11-10",27721,1215,16883,551,10838,664,"2020-03-17",,"2020-03-20",,"2020-03-16",,"2020-03-12",,"2020-03-16",,"2020-03-16","2020-06-01"
"Veracruz de Ignacio de la Llave",4672,"2020-10-02","2020-06-13","2020-10-06","2020-10-02","2020-07-06","2020-10-05","2020-10-02","2020-07-06","2020-10-04",5925,195,3835,157,2090,38,,,,,"2020-03-16",,"2020-03-16",,"2020-03-23",,"2020-03-30",
"Vermont",568,"2020-04-02","2020-03-20","2020-04-27","2020-04-02","2020-03-27","2020-04-27","2020-04-04","2020-03-19","2020-04-27",1525,102,992,68,533,34,,,"2020-03-24","2020-05-15","2020-03-18",,"2020-03-13",,"2020-03-17",,"2020-03-25","2020-05-04"
"Virginia",569,"2020-11-18","2020-05-06","2020-11-20","2020-11-18","2020-05-10","2020-11-20","2020-11-17","2020-05-11","2020-11-20",23270,1241,16689,912,6581,329,,,"2020-03-30","2020-06-05","2020-03-16",,"2020-03-15",,"2020-03-17",,"2020-03-24","2020-05-15"
"Washington",570,"2020-12-03","2020-11-16","2020-12-27","2020-12-03","2020-11-15","2020-12-27","2020-12-03","2020-11-15","2020-12-27",15235,1116,10328,775,4907,341,,,"2020-03-23","2020-07-03","2020-03-13",,"2020-03-11",,"2020-03-16",,"2020-03-25","2020-07-03"
"West Virginia",571,"2020-04-30","2020-04-16","2020-04-30","2020-04-28","2020-04-17","2020-04-30","2020-04-27","2020-04-16","2020-04-30",8403,568,5371,372,3032,196,,,"2020-03-25","2020-05-04","2020-03-14",,"2020-03-24",,"2020-03-18",,"2020-03-24","2020-05-04"
"Wisconsin",572,"2020-04-11","2020-04-07","2020-04-16","2020-04-11","2020-04-10","2020-04-13","2020-04-11","2020-04-09","2020-04-12",14232,476,8867,303,5365,173,,,"2020-03-25","2020-05-13","2020-03-18",,"2020-03-17",,"2020-03-17",,"2020-03-25","2020-05-11"
"Wyoming",573,"2019-12-18","2019-12-18","2019-12-18","2019-12-18","2019-12-18","2019-12-18","2019-12-18","2019-12-18","2019-12-18",2453,105,1384,60,1069,45,,,,,"2020-03-19",,"2020-03-20",,"2020-03-19","2020-05-15",,
"Yucatán",4673,"2020-12-27","2020-07-01","2020-12-27","2020-12-27","2020-07-03","2020-12-27","2020-12-27","2020-07-01","2020-12-27",2079,144,1739,131,340,13,,,"2020-06-22",,"2020-03-16",,"2020-03-26",,"2020-03-23",,"2020-03-30",
"Zacatecas",4674,"2020-09-15","2020-07-19","2020-12-27","2020-09-15","2020-07-06","2020-12-27","2020-09-15","2020-08-18","2020-12-27",1199,54,757,42,442,12,,,"2020-06-22",,"2020-03-23",,"2020-03-15",,"2020-03-23",,"2020-03-30",
"Zambia",191,"2020-10-23","2020-07-03","2020-11-15","2020-10-25","2020-07-06","2020-11-17","2020-10-23","2020-07-02","2020-11-14",27934,46,12870,18,15064,28,,,,,"2020-03-20",,"2020-03-25",,"2020-03-25",,,
