"location_name","location_id","peak_bed_day_mean","peak_bed_day_lower","peak_bed_day_upper","peak_icu_bed_day_mean","peak_icu_bed_day_lower","peak_icu_bed_day_upper","peak_vent_day_mean","peak_vent_day_lower","peak_vent_day_upper","all_bed_capacity","icu_bed_capacity","all_bed_usage","icu_bed_usage","available_all_nbr","available_icu_nbr","travel_limit_start_date","travel_limit_end_date","stay_home_start_date","stay_home_end_date","educational_fac_start_date","educational_fac_end_date","any_gathering_restrict_start_date","any_gathering_restrict_end_date","any_business_start_date","any_business_end_date","all_non-ess_business_start_date","all_non-ess_business_end_date"
"Abruzzo",35507,"2020-12-25","2020-12-07","2021-03-25","2020-12-22","2020-11-30","2021-03-16","2020-12-21","2020-11-29","2021-03-15",4500,96,3494,68,1006,28,"2020-03-22","2020-05-04","2020-03-11","2020-06-03","2020-03-05",,"2020-03-11",,"2020-03-11","2020-06-15","2020-03-11","2020-04-14"
"Acre",4750,"2020-05-26","2020-05-26","2020-05-26","2020-06-07","2020-06-07","2020-06-07","2020-06-07","2020-06-07","2020-06-07",1316,44,1027,37,289,7,,,,,"2020-03-16",,"2020-03-20",,"2020-03-17",,"2020-03-17","2020-06-22"
"Afghanistan",160,"2021-02-01","2020-07-10","2021-04-20","2021-02-01","2020-07-10","2021-04-21","2021-02-01","2020-07-09","2021-04-21",16946,1364,11660,924,5286,440,,,,,"2020-03-14",,"2020-03-18",,"2020-03-18",,,
"Aguascalientes",4643,"2020-09-22","2020-09-22","2020-09-22","2020-09-21","2020-09-21","2020-09-21","2020-09-21","2020-09-21","2020-09-21",1414,78,986,65,428,13,,,"2020-06-22",,"2020-03-19",,"2020-03-13",,"2020-03-23",,"2020-03-30",
"Alabama",523,"2021-01-03","2020-08-03","2021-03-30","2021-01-01","2020-07-24","2021-03-24","2021-01-01","2020-07-24","2021-03-24",17537,1525,11793,1050,5744,475,,,"2020-04-04","2020-04-30","2020-03-19",,"2020-03-19",,"2020-03-19","2020-06-15","2020-03-28","2020-04-30"
"Alagoas",4751,"2020-05-25","2020-05-25","2020-05-25","2020-06-09","2020-06-09","2020-06-09","2020-06-08","2020-06-08","2020-06-08",5244,291,4103,250,1141,41,,,,,"2020-03-17",,"2020-03-16",,"2020-04-07",,"2020-04-07","2020-05-06"
"Alaska",524,"2021-02-01","2020-04-04","2021-03-25","2021-02-01","2020-09-24","2021-03-25","2021-02-01","2020-09-24","2021-03-25",2034,169,1351,115,683,54,"2020-03-28",,"2020-03-28","2020-04-24","2020-03-16",,"2020-03-24","2020-05-22","2020-03-17","2020-05-22","2020-03-28","2020-04-24"
"Albania",43,"2021-01-14","2020-12-19","2021-02-21","2021-01-13","2020-12-19","2021-02-21","2021-01-13","2020-12-19","2021-02-21",7733,213,3831,71,3902,142,"2020-03-14","2020-06-01","2020-03-12","2020-06-01","2020-03-08",,"2020-03-12",,"2020-03-11",,"2020-03-14","2020-04-20"
"Alberta",43858,"2021-02-01","2021-01-04","2021-03-12","2021-02-01","2020-12-31","2021-03-11","2021-02-01","2020-12-30","2021-03-11",,,,,,,,,,,"2020-03-16",,"2020-03-12",,"2020-03-18",,,
"Algeria",139,"2020-04-10","2020-04-10","2021-04-13","2021-02-01","2020-04-10","2021-04-20","2021-02-01","2020-04-09","2021-04-19",69667,3157,44329,1958,25338,1199,,,,,"2020-03-12",,"2020-03-17",,"2020-03-22",,,
"Amapá",4753,"2020-05-23","2020-05-23","2020-05-23","2020-06-01","2020-06-01","2020-06-01","2020-06-01","2020-06-01","2020-06-01",902,39,707,33,195,6,,,"2020-05-19",,"2020-03-18",,"2020-03-20",,"2020-03-20",,"2020-04-04","2020-06-16"
"Amazonas",4752,"2020-05-09","2020-05-09","2020-05-09","2020-05-13","2020-05-13","2020-05-13","2020-05-13","2020-05-13","2020-05-13",4795,266,3753,228,1042,38,"2020-04-06","2020-06-01",,,"2020-03-16",,"2020-03-31",,"2020-03-19",,"2020-03-24","2020-06-01"
"Andalucia",60357,"2020-03-28","2020-03-28","2020-03-28","2020-03-27","2020-03-27","2020-03-27","2020-03-26","2020-03-26","2020-03-26",,,,,,,,,"2020-03-15","2020-05-18","2020-03-14",,"2020-03-15",,"2020-03-15",,"2020-03-15","2020-04-13"
"Andhra Pradesh",4841,"2020-08-27","2020-08-27","2020-08-27","2020-08-22","2020-08-22","2021-03-26","2020-08-22","2020-08-22","2021-03-25",,,,,,,"2020-03-22","2020-05-21","2020-03-22","2020-06-01","2020-03-18",,"2020-03-22",,"2020-03-22",,"2020-03-22","2020-05-21"
"Andorra",74,"2020-04-06","2020-04-06","2021-01-21","2020-04-06","2020-04-06","2020-11-18","2020-04-05","2020-04-05","2020-11-18",235,5,181,3,54,2,,,,,"2020-03-16",,,,"2020-03-13",,"2020-03-16","2020-04-20"
"Angola",168,"2020-11-18","2020-11-10","2021-10-04","2020-11-18","2020-11-10","2021-10-04","2020-11-18","2020-11-10","2021-10-04",22528,321,15365,215,7163,106,"2020-03-27","2020-05-25","2020-03-27","2020-05-25","2020-03-24",,"2020-03-24",,"2020-03-27",,"2020-03-27","2020-05-25"
"Aragon",60358,"2020-04-07","2020-04-07","2021-02-04","2020-04-07","2020-04-07","2020-04-07","2020-04-06","2020-04-06","2020-04-06",,,,,,,,,"2020-03-15","2020-05-11","2020-03-14",,"2020-03-15",,"2020-03-15",,"2020-03-15","2020-04-13"
"Argentina",97,"2020-10-01","2020-10-01","2020-10-29","2020-09-29","2020-09-29","2020-10-28","2020-09-29","2020-09-29","2020-10-28",200702,8498,148564,4592,52138,3906,"2020-03-20","2020-04-27","2020-03-20",,"2020-03-16",,"2020-03-15",,"2020-03-20",,"2020-03-20",
"Arizona",525,"2020-07-20","2020-07-20","2020-07-20","2020-07-21","2020-07-21","2021-01-22","2020-07-20","2020-07-20","2021-01-21",16342,1440,10324,932,6018,508,,,"2020-03-30","2020-05-16","2020-03-16",,"2020-03-30","2020-05-16","2020-03-30","2020-05-16",,
"Arkansas",526,"2020-11-19","2020-10-31","2020-12-20","2020-11-16","2020-10-31","2020-12-20","2020-11-16","2020-10-31","2020-12-20",11243,914,6237,519,5006,395,,,,,"2020-03-17","2020-08-24","2020-03-27","2020-06-18","2020-03-19",,,
"Armenia",33,"2020-12-02","2020-11-15","2020-12-23","2020-12-01","2020-11-13","2020-12-23","2020-12-01","2020-11-13","2020-12-22",12772,274,6963,110,5809,164,"2020-04-03","2020-04-22","2020-03-24","2020-05-04","2020-03-13",,"2020-03-16",,"2020-03-24",,"2020-03-24","2020-04-23"
"Arunachal Pradesh",4842,"2021-01-18","2020-12-26","2021-02-22","2021-01-18","2020-12-27","2021-02-22","2021-01-18","2020-12-27","2021-02-22",,,,,,,"2020-03-23","2020-05-04","2020-03-23","2020-06-01","2020-03-17",,"2020-03-23",,"2020-03-17",,"2020-03-17","2020-05-04"
"Assam",4843,"2021-02-01","2020-09-18","2021-04-15","2021-02-01","2020-09-22","2021-04-15","2021-02-01","2020-09-21","2021-04-15",,,,,,,"2020-03-24","2020-05-05","2020-03-24","2020-06-01","2020-03-15",,"2020-03-24",,"2020-03-24",,"2020-03-24","2020-04-21"
"Asturias",60365,"2021-01-24","2020-12-24","2021-02-21","2021-01-22","2020-12-18","2021-02-20","2021-01-22","2020-12-18","2021-02-20",,,,,,,,,"2020-03-15","2020-05-11","2020-03-14",,"2020-03-15",,"2020-03-15",,"2020-03-15","2020-04-13"
"Australia",71,"2020-08-16","2020-08-16","2020-08-16","2020-08-16","2020-08-16","2021-08-30","2020-08-15","2020-08-15","2021-08-30",92409,2293,73436,1727,18973,566,,,,,,,"2020-03-20",,"2020-03-23",,,
"Austria",75,"2021-01-09","2020-12-10","2021-03-11","2021-01-07","2020-12-07","2021-03-10","2021-01-06","2020-12-06","2021-03-10",64896,2535,51748,1853,13148,682,,,"2020-03-16","2020-05-01","2020-03-16","2020-06-03","2020-03-10",,"2020-03-16","2020-05-01","2020-03-16","2020-04-13"
"Azad Jammu & Kashmir",53615,"2021-01-11","2020-12-26","2021-03-15","2021-01-11","2020-12-27","2021-03-15","2021-01-11","2020-12-26","2021-03-15",2009,59,1628,46,381,13,,,"2020-03-24","2020-05-09","2020-03-13",,"2020-03-24",,"2020-03-24",,"2020-03-24","2020-04-15"
"Azerbaijan",34,"2021-02-01","2021-02-18","2021-04-15","2021-02-01","2021-02-18","2021-04-15","2021-02-01","2021-02-18","2021-04-15",63745,1164,21554,230,42191,934,"2020-02-29","2020-05-18","2020-04-05",,"2020-03-03",,"2020-03-24",,"2020-03-14",,"2020-03-14","2020-05-31"
"Baden-Württemberg",60377,"2021-02-01","2021-01-16","2021-03-20","2021-02-01","2021-01-10","2021-03-19","2021-02-01","2021-01-09","2021-03-18",,,,,,,,,"2020-03-21","2020-05-11","2020-03-17",,"2020-03-21",,"2020-03-21",,"2020-03-21","2020-04-20"
"Bahamas",106,"2020-08-29","2020-08-29","2021-02-07","2020-08-28","2020-08-28","2021-02-01","2020-08-27","2020-08-27","2021-02-01",1136,20,713,12,423,8,"2020-03-20","2020-06-01","2020-03-24","2020-06-08","2020-03-16",,"2020-03-16",,"2020-03-20",,"2020-03-20","2020-06-08"
"Bahia",4754,"2020-08-22","2020-08-22","2020-08-22","2020-08-20","2020-08-20","2020-08-20","2020-08-20","2020-08-20","2020-08-20",25205,1354,19641,1160,5564,194,,,,,"2020-03-17",,"2020-03-27",,,,,
"Bahrain",140,"2021-01-25","2020-06-24","2021-02-19","2021-01-25","2020-06-23","2021-02-26","2021-01-25","2020-06-22","2021-02-26",2893,120,1806,72,1087,48,,,,,"2020-02-26",,"2020-03-18",,"2020-03-18",,"2020-03-26","2020-04-09"
"Baja California",4644,"2020-06-08","2020-06-08","2020-06-08","2020-06-09","2020-06-09","2020-06-09","2020-06-08","2020-06-08","2020-06-08",3655,165,2440,135,1215,30,,,"2020-06-22",,"2020-03-19",,"2020-03-18",,"2020-03-23",,"2020-03-30",
"Baja California Sur",4645,"2020-11-01","2020-10-28","2021-01-09","2020-11-01","2020-08-21","2020-12-24","2020-11-01","2020-08-21","2020-12-24",843,40,594,33,249,7,,,"2020-06-23",,"2020-03-19",,"2020-03-16",,"2020-03-23",,"2020-03-30",
"Balearic Islands",60363,"2021-01-20","2020-04-03","2021-03-30","2021-01-18","2020-04-07","2021-03-24","2021-01-18","2020-04-07","2021-03-24",,,,,,,,,"2020-03-15","2020-05-11","2020-03-14",,"2020-03-15",,"2020-03-15",,"2020-03-15","2020-04-13"
"Balochistan",53616,"2021-02-01","2020-06-20","2021-05-02","2021-02-01","2020-06-16","2021-05-02","2021-02-01","2020-06-16","2021-05-02",6767,201,5511,159,1256,42,,,"2020-03-24","2020-05-09","2020-02-27",,"2020-03-24",,"2020-03-24",,"2020-03-24","2020-04-15"
"Bangladesh",161,"2021-02-01","2021-03-13","2021-04-28","2021-02-01","2021-03-13","2021-04-28","2021-02-01","2021-03-13","2021-04-28",88859,923,71494,726,17365,197,"2020-03-16","2020-06-01","2020-03-26","2020-06-01","2020-03-17",,"2020-03-19",,"2020-03-26",,"2020-03-26","2020-05-05"
"Barbados",107,"2020-04-13","2020-04-13","2021-12-26","2020-04-12","2020-04-12","2021-12-26","2020-04-12","2020-04-12","2021-12-26",1779,24,1078,14,701,10,,,"2020-04-03","2020-05-04","2020-03-25","2020-06-15","2020-03-17",,"2020-03-28","2020-06-22","2020-03-28","2020-05-04"
"Basilicata",35511,"2021-01-14","2020-04-13","2021-04-05","2021-01-13","2020-04-04","2021-04-04","2021-01-13","2020-04-04","2021-04-04",2034,42,1578,29,456,13,"2020-03-22","2020-05-04","2020-03-11","2020-06-03","2020-03-05",,"2020-03-11",,"2020-03-11","2020-06-15","2020-03-11","2020-04-14"
"Basque Country",60374,"2020-03-29","2020-03-29","2021-01-11","2020-04-08","2020-04-08","2020-04-08","2020-04-07","2020-04-07","2020-04-07",,,,,,,,,"2020-03-15","2020-05-11","2020-03-14",,"2020-03-15",,"2020-03-15","2020-06-18","2020-03-15","2020-04-13"
"Bavaria",60378,"2021-01-28","2021-01-08","2021-02-28","2021-01-26","2021-01-01","2021-02-28","2021-01-26","2020-12-31","2021-02-28",,,,,,,,,"2020-03-21","2020-05-06","2020-03-16",,"2020-03-21",,"2020-03-17",,"2020-03-21","2020-04-27"
"Beijing",492,"2020-02-22","2020-02-22","2021-06-03","2021-02-01","2020-02-21","2021-06-02","2021-02-01","2020-02-21","2021-06-02",84724,1089,55022,779,29702,310,"2020-01-31","2020-04-15","2020-01-31","2020-04-15","2020-01-31","2020-04-15","2020-01-31","2020-04-15","2020-01-31","2020-04-15","2020-01-31","2020-04-15"
"Belarus",57,"2021-01-21","2021-01-04","2021-02-07","2021-01-20","2021-01-04","2021-02-07","2021-01-19","2021-01-04","2021-02-07",96109,1513,82701,1146,13408,367,,,,,,,,,,,,
"Belgium",76,"2020-11-27","2020-11-14","2021-02-09","2020-04-11","2020-04-11","2021-01-31","2020-04-11","2020-04-11","2021-01-28",65254,1897,52282,1393,12972,504,,,"2020-03-18","2020-06-08","2020-03-14","2020-09-01","2020-03-13",,"2020-03-13",,"2020-03-18","2020-05-11"
"Benin",200,"2021-02-01","2020-07-10","2021-06-02","2021-02-01","2020-06-28","2021-06-03","2021-02-01","2020-06-28","2021-06-02",5680,40,3236,21,2444,19,,,,,"2020-03-30",,"2020-03-18",,,,,
"Berlin",60379,"2021-02-01","2021-01-14","2021-04-06","2021-02-01","2021-01-07","2021-04-04","2021-02-01","2021-01-07","2021-04-04",,,,,,,,,"2020-03-23","2020-05-09","2020-03-23","2020-05-29","2020-03-23",,"2020-03-14",,"2020-03-23","2020-04-22"
"Bihar",4844,"2020-08-11","2020-08-11","2021-05-03","2021-02-01","2020-08-12","2021-05-03","2021-02-01","2020-08-11","2021-05-03",,,,,,,"2020-03-23","2020-05-19","2020-03-23","2020-06-01","2020-03-13",,"2020-03-23",,"2020-03-23",,"2020-03-23","2020-05-08"
"Bolivia (Plurinational State of)",121,"2020-07-05","2020-07-05","2020-07-05","2020-08-04","2020-08-04","2020-08-04","2020-08-04","2020-08-04","2020-08-04",17173,268,9994,210,7179,58,"2020-03-27",,"2020-03-26",,"2020-03-12",,"2020-03-12",,"2020-03-16",,"2020-03-20","2020-07-01"
"Bosnia and Herzegovina",44,"2020-12-31","2020-12-09","2021-03-13","2020-12-30","2020-12-09","2021-03-12","2020-12-30","2020-12-09","2021-03-12",10093,271,7225,161,2868,110,"2020-03-19","2020-05-29","2020-03-22","2020-05-21","2020-03-12",,"2020-03-18",,"2020-03-18",,"2020-03-20","2020-04-29"
"Brandenburg",60380,"2021-02-01","2020-04-22","2021-12-26","2020-04-18","2020-04-18","2021-12-26","2020-04-17","2020-04-17","2021-12-26",,,,,,,,,"2020-03-17","2020-05-09","2020-03-18","2020-05-25","2020-03-17",,"2020-03-17",,"2020-03-17","2020-04-22"
"Brazil",135,"2020-05-24","2020-05-24","2020-05-24","2020-07-20","2020-07-20","2020-07-20","2020-07-19","2020-07-19","2020-07-19",392069,28967,303633,24750,88436,4217,,,,,"2020-03-24",,,,,,,
"Bremen",60381,"2021-01-28","2020-04-09","2021-04-21","2021-01-27","2020-04-08","2021-04-17","2021-01-26","2020-04-08","2021-04-17",,,,,,,,,"2020-03-22","2020-05-14","2020-03-16","2020-05-25","2020-03-22",,"2020-03-20",,"2020-03-20","2020-04-20"
"British Columbia",43859,"2021-02-01","2020-06-29","2021-04-28","2021-02-01","2020-04-11","2021-04-26","2021-02-01","2020-04-11","2021-04-26",,,,,,,,,,,"2020-03-17","2020-06-01","2020-03-16",,"2020-03-20",,,
"Bulgaria",45,"2021-01-13","2020-12-13","2021-02-11","2021-01-12","2020-12-12","2021-02-11","2021-01-12","2020-12-11","2021-02-11",47113,1930,32288,1078,14825,852,"2020-03-21",,"2020-03-17","2020-05-03","2020-03-13",,"2020-03-13",,"2020-03-13",,"2020-03-13","2020-05-06"
"Burkina Faso",201,"2020-04-05","2020-04-05","2021-04-16","2020-04-05","2020-04-05","2021-04-17","2020-04-05","2020-04-05","2021-04-16",13487,85,7836,47,5651,38,,,,,"2020-03-16",,"2020-03-13",,,,,
"Cabo Verde",203,"2020-12-17","2020-12-01","2021-01-30","2020-12-18","2020-12-02","2021-01-30","2020-12-17","2020-12-02","2021-01-30",905,3,486,1,419,2,,,,,"2020-03-27",,"2020-03-16",,"2020-03-16",,,
"Calabria",35512,"2021-02-01","2020-04-05","2021-04-23","2021-02-01","2020-03-30","2021-04-21","2021-02-01","2020-03-30","2021-04-20",7110,148,5522,105,1588,43,"2020-03-22","2020-05-04","2020-03-11","2020-06-03","2020-03-05",,"2020-03-11",,"2020-03-11","2020-06-15","2020-03-11","2020-04-14"
"California",527,"2021-02-01","2021-01-12","2021-03-17","2021-02-01","2021-01-08","2021-03-17","2021-02-01","2021-01-07","2021-03-17",85724,6783,59070,4789,26654,1994,,,"2020-03-19",,"2020-03-19",,"2020-03-11",,"2020-03-19",,"2020-03-19",
"Cameroon",202,"2021-02-01","2020-05-11","2021-05-27","2021-02-01","2020-06-17","2021-05-27","2021-02-01","2020-06-17","2021-05-27",37363,170,20922,90,16441,80,,,,,"2020-03-18",,"2020-03-18",,,,,
"Campania",35509,"2021-01-22","2020-12-20","2021-04-03","2021-01-19","2020-12-20","2021-04-02","2021-01-18","2020-12-20","2021-04-02",21550,445,16734,316,4816,129,"2020-03-22","2020-05-04","2020-03-11","2020-06-03","2020-03-05",,"2020-03-11",,"2020-03-11","2020-06-15","2020-03-11","2020-04-14"
"Campeche",4646,"2020-08-04","2020-08-04","2020-08-04","2020-08-05","2020-08-05","2020-08-05","2020-08-05","2020-08-05","2020-08-05",921,32,578,25,343,7,,,"2020-06-22",,"2020-03-18",,"2020-03-19",,"2020-03-30",,"2020-03-30",
"Canada",101,"2021-02-01","2020-06-17","2021-02-23","2021-02-01","2020-12-05","2021-02-25","2021-02-01","2020-12-05","2021-02-25",86460,4048,78677,3410,7783,638,,,,,"2020-03-23",,"2020-03-23",,,,,
"Canary Islands",60364,"2021-02-01","2020-09-16","2021-04-06","2021-02-01","2020-03-27","2021-04-05","2021-02-01","2020-03-27","2021-04-04",,,,,,,,,"2020-03-15","2020-05-11","2020-03-14",,"2020-03-15",,"2020-03-15",,"2020-03-15","2020-04-13"
"Cantabria",60359,"2020-03-30","2020-03-30","2021-03-30","2020-04-05","2020-04-05","2020-04-05","2020-04-04","2020-04-04","2020-04-04",,,,,,,,,"2020-03-15","2020-05-11","2020-03-14",,"2020-03-15",,"2020-03-15","2020-06-22","2020-03-15","2020-04-13"
"Castile and León",60367,"2020-04-01","2020-04-01","2020-04-01","2020-04-01","2020-04-01","2020-04-01","2020-03-31","2020-03-31","2020-03-31",,,,,,,,,"2020-03-15","2020-05-25","2020-03-14",,"2020-03-15",,"2020-03-15",,"2020-03-15","2020-04-13"
"Castilla-La Mancha",60360,"2020-03-31","2020-03-31","2020-03-31","2020-04-02","2020-04-02","2020-04-02","2020-04-02","2020-04-02","2020-04-02",,,,,,,,,"2020-03-15","2020-05-18","2020-03-14",,"2020-03-15",,"2020-03-15",,"2020-03-15","2020-04-13"
"Catalonia",60368,"2020-03-30","2020-03-30","2021-02-25","2020-03-31","2020-03-31","2020-03-31","2020-03-30","2020-03-30","2020-03-30",,,,,,,,,"2020-03-15","2020-05-25","2020-03-14",,"2020-03-11",,"2020-03-12","2020-06-22","2020-03-15","2020-05-25"
"Ceará",4755,"2020-05-25","2020-05-25","2020-05-25","2020-06-06","2020-06-06","2020-06-06","2020-06-06","2020-06-06","2020-06-06",16011,767,12435,656,3576,111,,,"2020-05-05",,"2020-03-16",,"2020-03-16",,"2020-03-20",,"2020-03-20","2020-06-08"
"Central African Republic",169,"2021-02-01","2020-06-21","2021-06-13","2020-06-24","2020-06-24","2021-06-13","2020-06-23","2020-06-23","2021-06-13",5588,68,3840,46,1748,22,,,,,"2020-03-27",,"2020-03-13",,"2020-03-26",,,
"Chad",204,"2021-02-01","2021-01-20","2021-05-04","2021-02-01","2020-05-12","2021-05-04","2021-02-01","2020-05-11","2021-05-04",8240,55,3110,17,5130,38,,,,,"2020-03-20",,"2020-03-19",,"2020-03-23",,,
"Chhattisgarh",4846,"2021-02-01","2021-02-06","2021-03-26","2021-02-01","2021-02-06","2021-03-26","2021-02-01","2021-02-06","2021-03-26",,,,,,,"2020-03-25","2020-05-28","2020-03-21","2020-06-01","2020-03-13",,"2020-03-21",,"2020-03-21",,"2020-03-21","2020-05-18"
"Chiapas",4649,"2020-07-01","2020-07-01","2020-07-01","2020-07-02","2020-07-02","2020-07-02","2020-07-01","2020-07-01","2020-07-01",4917,301,3550,257,1367,44,,,"2020-06-22",,"2020-03-22",,"2020-03-15",,"2020-03-23",,"2020-03-30",
"Chihuahua",4650,"2021-01-10","2020-06-13","2021-02-23","2021-01-10","2020-11-11","2021-03-04","2021-01-10","2020-11-11","2021-03-04",4104,215,2912,182,1192,33,,,"2020-06-22",,"2020-03-23",,"2020-03-25",,"2020-03-24",,"2020-03-24",
"Chile",98,"2020-06-25","2020-06-25","2020-06-25","2020-06-19","2020-06-19","2020-06-19","2020-06-19","2020-06-19","2020-06-19",35574,449,26638,399,8936,50,,,,,"2020-03-16",,"2020-03-16",,"2020-03-21",,,
"China",6,"2020-02-13","2020-02-13","2021-12-26","2020-02-12","2020-02-12","2021-12-26","2020-02-11","2020-02-11","2021-12-26",3816751,54147,2533980,39539,1282771,14608,,,,,,,,,,,,
"Chongqing",493,"2020-02-10","2020-02-10","2021-05-03","2020-02-10","2020-02-10","2021-05-06","2020-02-09","2020-02-09","2021-05-04",69303,970,45964,707,23339,263,"2020-02-08","2020-03-24","2020-02-08","2020-03-24","2020-02-08","2020-03-24","2020-02-08","2020-03-24","2020-02-08","2020-03-24","2020-02-08","2020-03-24"
"Coahuila",4647,"2020-08-13","2020-08-13","2020-12-23","2020-08-12","2020-08-12","2020-11-04","2020-08-12","2020-08-12","2020-11-04",3361,158,2418,135,943,23,,,"2020-06-22",,"2020-03-19",,"2020-03-18",,"2020-03-23",,"2020-03-30",
"Colima",4648,"2020-08-14","2020-08-14","2020-12-30","2020-08-21","2020-08-21","2020-11-04","2020-08-21","2020-08-21","2020-11-02",1112,51,749,42,363,9,,,"2020-06-22",,"2020-03-16",,"2020-03-16",,"2020-03-18",,"2020-03-18",
"Colombia",125,"2020-08-05","2020-08-05","2020-08-05","2020-08-20","2020-08-20","2020-08-20","2020-08-20","2020-08-20","2020-08-20",72096,4308,49022,2427,23074,1881,"2020-03-25","2020-06-15","2020-03-25","2020-06-15","2020-03-16",,"2020-03-16",,"2020-03-19",,"2020-03-25","2020-04-27"
"Colorado",528,"2020-12-31","2020-11-23","2021-02-01","2020-12-29","2020-11-21","2021-01-30","2020-12-28","2020-11-21","2021-01-30",12485,1484,7633,929,4852,555,,,"2020-03-26","2020-05-09","2020-03-23",,"2020-03-19",,"2020-03-17",,"2020-03-26","2020-05-09"
"Community of Madrid",60361,"2020-03-31","2020-03-31","2020-03-31","2020-03-29","2020-03-29","2020-03-29","2020-03-28","2020-03-28","2020-03-28",,,,,,,,,"2020-03-15","2020-05-25","2020-03-11",,"2020-03-15",,"2020-03-13",,"2020-03-13","2020-04-13"
"Comoros",176,"2020-06-21","2020-06-21","2020-06-21","2020-06-21","2020-06-21","2020-06-21","2020-06-21","2020-06-21","2020-06-21",1235,3,553,1,682,2,,,,,"2020-03-20",,"2020-03-16",,,,,
"Congo",170,"2020-08-14","2020-08-14","2021-10-12","2020-08-13","2020-08-13","2021-10-12","2020-08-12","2020-08-12","2021-10-11",8398,85,5575,55,2823,30,,,"2020-03-31","2020-05-18","2020-03-19",,"2020-03-19",,"2020-03-19",,"2020-03-31","2020-05-18"
"Connecticut",529,"2020-04-20","2020-04-20","2021-04-18","2020-04-20","2020-04-20","2020-04-20","2020-04-19","2020-04-19","2020-04-19",8501,537,6762,437,1739,100,,,,,"2020-03-17",,"2020-03-12",,"2020-03-16",,"2020-03-23","2020-05-20"
"Costa Rica",126,"2020-12-20","2020-11-16","2021-01-30","2020-12-19","2020-11-17","2021-01-30","2020-12-19","2020-11-16","2021-01-29",5531,181,4571,141,960,40,"2020-04-08","2020-04-13","2020-03-24","2020-05-01","2020-03-16",,"2020-03-09",,"2020-03-23",,,
"Croatia",46,"2021-01-03","2020-11-29","2021-01-30","2021-01-02","2020-11-28","2021-01-29","2021-01-01","2020-11-28","2021-01-29",22164,677,18285,484,3879,193,"2020-03-23","2020-05-25","2020-03-17","2020-05-11","2020-03-16","2020-05-25","2020-03-09",,"2020-03-19",,"2020-03-19","2020-04-27"
"Cuba",109,"2021-02-01","2020-04-26","2021-05-05","2021-02-01","2020-04-24","2021-05-04","2021-02-01","2020-04-23","2021-05-04",28816,738,12426,100,16390,638,"2020-04-11",,,,"2020-03-24",,"2020-03-20",,"2020-03-24",,,
"Cyprus",77,"2021-01-21","2020-03-29","2021-04-11","2021-01-20","2020-03-29","2021-04-10","2021-01-19","2020-03-28","2021-04-10",3724,87,2960,63,764,24,,,"2020-03-24","2020-05-04","2020-03-13","2020-05-21","2020-03-24",,"2020-03-24",,"2020-03-24","2020-05-04"
"Czechia",47,"2020-11-23","2020-11-09","2021-01-21","2020-11-22","2020-11-06","2021-01-20","2020-11-22","2020-11-06","2021-01-20",71843,1371,51651,823,20192,548,,,"2020-03-16","2020-04-20","2020-03-10",,"2020-03-10",,"2020-03-10",,"2020-03-14","2020-04-20"
"Côte d'Ivoire",205,"2021-02-01","2020-07-07","2021-12-26","2021-02-01","2020-06-28","2021-12-26","2021-02-01","2020-06-27","2021-12-26",13248,89,7671,49,5577,40,,,,,"2020-03-16","2020-07-31","2020-03-16",,"2020-03-18","2020-07-31",,
"Delaware",530,"2021-01-13","2020-12-20","2021-03-21","2020-05-06","2020-05-06","2021-01-16","2020-05-06","2020-05-06","2021-01-16",2633,166,1937,125,696,41,,,"2020-03-24","2020-06-01","2020-03-16",,"2020-03-16",,"2020-03-16",,"2020-03-24","2020-05-08"
"Delhi",4849,"2020-06-21","2020-06-21","2021-01-21","2020-06-16","2020-06-16","2021-01-21","2020-06-16","2020-06-16","2021-01-21",,,,,,,"2020-03-23","2020-04-26","2020-03-23","2020-06-01","2020-03-19",,"2020-03-23",,"2020-03-20",,"2020-03-20","2020-04-26"
"Democratic Republic of the Congo",171,"2020-06-21","2020-06-21","2021-10-05","2020-06-24","2020-06-24","2021-10-06","2020-06-23","2020-06-23","2021-10-05",81386,1045,55233,697,26153,348,,,,,"2020-03-19",,"2020-03-19",,"2020-03-19",,,
"Denmark",78,"2021-01-25","2021-01-05","2021-03-13","2021-01-23","2020-12-31","2021-03-12","2021-01-22","2020-12-30","2021-03-12",17031,407,13835,303,3196,104,,,,,"2020-03-16","2020-09-10","2020-03-18",,"2020-03-18",,,
"District of Columbia",531,"2021-01-13","2020-12-17","2021-02-28","2020-05-02","2020-05-02","2020-05-02","2020-05-01","2020-05-01","2020-05-01",3939,256,2845,189,1094,67,,,"2020-03-30","2020-05-29","2020-03-16",,"2020-03-13",,"2020-03-16",,"2020-03-25","2020-05-29"
"Distrito Federal",4756,"2020-08-22","2020-08-22","2020-10-28","2020-08-18","2020-08-18","2020-08-18","2020-08-17","2020-08-17","2020-08-17",7800,1034,5959,876,1841,158,,,,,"2020-03-12",,"2020-03-12",,"2020-03-15",,"2020-03-19","2020-05-27"
"Djibouti",177,"2020-05-26","2020-05-26","2021-04-13","2020-06-04","2020-06-04","2021-05-11","2020-06-04","2020-06-04","2021-05-10",1707,6,771,2,936,4,,,"2020-03-23","2020-05-17","2020-03-19",,"2020-03-22",,"2020-03-22",,"2020-03-23","2020-05-17"
"Dominican Republic",111,"2020-09-04","2020-09-04","2021-03-03","2020-09-04","2020-09-04","2021-03-02","2020-09-03","2020-09-03","2021-03-02",11073,590,4660,365,6413,225,"2020-03-19","2020-04-13",,,"2020-03-19",,"2020-03-25",,"2020-03-19",,"2020-03-19","2020-05-20"
"Durango",4652,"2021-01-08","2020-10-06","2021-03-04","2021-01-08","2020-10-05","2021-03-04","2021-01-08","2020-10-04","2021-03-04",1862,59,1085,44,777,15,,,"2020-04-19",,"2020-03-22",,"2020-04-02",,"2020-03-29",,"2020-03-30",
"East Asia and Pacific",60898,"2020-06-09","2020-06-09","2021-02-03","2021-01-30","2020-12-31","2021-04-08","2021-01-30","2020-12-31","2021-04-06",,,,,,,,,,,,,,,,,,
"Ecuador",122,"2020-04-07","2020-04-07","2020-04-07","2020-04-07","2020-04-07","2020-04-07","2020-04-07","2020-04-07","2020-04-07",20352,843,10634,570,9718,273,"2020-03-18",,"2020-03-17",,"2020-03-13",,"2020-03-15",,"2020-03-15",,"2020-03-17",
"Egypt",141,"2020-06-25","2020-06-25","2020-06-25","2020-06-28","2020-06-28","2021-03-19","2020-06-28","2020-06-28","2021-03-18",131170,6525,59949,2648,71221,3877,,,,,"2020-03-15",,"2020-03-09",,"2020-03-24",,,
"El Salvador",127,"2021-02-01","2020-07-02","2021-03-24","2021-02-01","2020-08-02","2021-03-25","2021-02-01","2020-08-01","2021-03-24",6180,84,4282,56,1898,28,,,"2020-03-11","2020-06-16","2020-03-11",,"2020-03-11",,"2020-03-14",,,
"Emilia-Romagna",35502,"2021-01-17","2020-12-29","2021-03-27","2020-03-26","2020-03-26","2021-01-02","2020-03-26","2020-03-26","2021-01-02",15297,331,11857,234,3440,97,"2020-03-22","2020-05-04","2020-03-11","2020-06-03","2020-03-01",,"2020-03-07",,"2020-03-07","2020-06-15","2020-03-11","2020-04-14"
"England",4749,"2021-01-07","2020-12-08","2021-02-07","2020-04-15","2020-04-15","2021-02-04","2020-04-15","2020-04-15","2021-02-04",151962,5916,127709,4555,24253,1361,,,"2020-03-23","2020-06-01","2020-03-23",,"2020-03-23",,"2020-03-23",,"2020-03-23","2020-06-01"
"Equatorial Guinea",172,"2020-07-10","2020-07-10","2021-06-11","2020-07-10","2020-07-10","2021-06-07","2020-07-09","2020-07-09","2021-06-06",2050,22,1350,14,700,8,,,"2020-03-31",,"2020-03-17",,"2020-03-17",,"2020-03-23",,"2020-03-31","2020-06-15"
"Espírito Santo",4757,"2020-05-25","2020-05-25","2020-05-25","2020-06-21","2020-06-21","2020-06-21","2020-06-20","2020-06-20","2020-06-20",7292,625,5649,534,1643,91,,,,,"2020-03-16",,"2020-03-17",,"2020-03-17",,"2020-03-20",
"Estonia",58,"2021-02-01","2020-04-11","2021-04-16","2021-02-01","2020-04-10","2021-04-15","2021-02-01","2020-04-09","2021-04-14",6451,139,4543,82,1908,57,,,,,"2020-03-16","2020-05-15","2020-03-13",,"2020-03-13","2020-07-01",,
"Eswatini",197,"2020-08-10","2020-08-10","2021-09-30","2020-08-10","2020-08-10","2021-09-30","2020-08-09","2020-08-09","2021-09-29",2214,58,1400,35,814,23,,,"2020-03-27","2020-06-05","2020-03-17",,"2020-03-17",,"2020-03-27",,"2020-03-27","2020-04-15"
"Ethiopia",179,"2021-02-01","2020-08-28","2021-04-24","2021-02-01","2020-08-23","2021-04-24","2021-02-01","2020-08-23","2021-04-24",19764,123,7809,41,11955,82,,,,,"2020-03-16",,"2020-03-16",,"2020-03-20",,,
"Europe and Central Asia",60899,"2021-01-03","2020-12-22","2021-01-10","2021-01-02","2020-12-20","2021-01-09","2021-01-01","2020-12-20","2021-01-09",,,,,,,,,,,,,,,,,,
"Extremadura",60362,"2020-12-13","2020-04-02","2021-02-25","2020-04-03","2020-04-03","2020-12-19","2020-04-02","2020-04-02","2020-12-19",,,,,,,,,"2020-03-15","2020-05-11","2020-03-14",,"2020-03-15",,"2020-03-15",,"2020-03-15","2020-04-13"
"Finland",79,"2021-02-01","2020-04-11","2021-05-03","2021-02-01","2020-04-22","2021-04-29","2021-02-01","2020-04-21","2021-04-28",25164,478,18530,319,6634,159,"2020-03-25","2020-05-29",,,"2020-03-18",,"2020-03-12",,"2020-03-18","2020-06-01","2020-04-04","2020-06-01"
"Florida",532,"2020-07-21","2020-07-21","2020-07-21","2020-08-07","2020-11-07","2021-02-18","2020-08-06","2020-11-06","2021-02-17",60546,5351,40362,3655,20184,1696,,,"2020-04-03","2020-05-18","2020-03-17",,"2020-04-03","2020-06-05","2020-03-17","2020-09-25",,
"France",80,"2020-12-08","2020-11-23","2020-12-27","2020-12-06","2020-11-23","2020-12-27","2020-12-05","2020-11-23","2020-12-26",411894,6774,310324,4653,101570,2121,"2020-03-17","2020-05-11","2020-03-18","2020-05-11","2020-03-13","2020-05-25","2020-03-04",,"2020-03-15",,"2020-03-15","2020-05-11"
"Friuli-Venezia Giulia",35501,"2020-12-21","2020-12-07","2021-01-15","2020-12-19","2020-12-04","2021-01-09","2020-12-19","2020-12-04","2021-01-09",4138,89,3209,63,929,26,"2020-03-22","2020-05-04","2020-03-11","2020-06-03","2020-03-05",,"2020-03-11",,"2020-03-11","2020-06-15","2020-03-11","2020-04-14"
"Gabon",173,"2020-05-10","2020-05-10","2021-11-05","2020-06-19","2020-06-19","2021-10-29","2020-06-18","2020-06-18","2021-10-28",2517,26,1664,16,853,10,,,,,"2020-03-13",,"2020-03-13",,"2020-03-13",,,
"Galicia",60372,"2020-12-12","2020-11-19","2021-01-13","2020-12-10","2020-11-19","2021-01-12","2020-12-10","2020-11-19","2021-01-12",,,,,,,,,"2020-03-15","2020-05-11","2020-03-14",,"2020-03-15",,"2020-03-15","2020-06-22","2020-03-15","2020-04-13"
"Gambia",206,"2021-02-01","2020-08-17","2021-03-18","2021-02-01","2020-08-15","2021-03-18","2021-02-01","2020-08-15","2021-03-18",2056,9,1163,4,893,5,,,,,"2020-03-18",,"2020-03-18",,"2020-03-18",,"2020-03-27","2020-07-22"
"Georgia",35,"2020-12-08","2020-10-26","2021-03-07","2020-12-08","2020-10-21","2021-03-06","2020-12-07","2020-10-21","2021-03-06",11817,285,4067,57,7750,228,"2020-03-24","2020-04-27",,,"2020-03-02",,"2020-03-23",,"2020-03-21",,"2020-03-21","2020-04-27"
"Georgia",533,"2021-01-23","2020-07-28","2021-03-30","2021-01-22","2020-08-22","2021-03-26","2021-01-22","2020-08-22","2021-03-26",28928,2182,20605,1592,8323,590,,,"2020-04-03",,"2020-03-18",,"2020-03-24",,"2020-03-24",,,
"Germany",81,"2021-02-01","2021-01-19","2021-02-28","2021-02-01","2021-01-16","2021-02-27","2021-02-01","2021-01-15","2021-02-27",671448,26560,535200,21339,136248,5221,,,,,,,,,,,,
"Ghana",207,"2021-02-01","2020-08-14","2021-04-07","2020-08-11","2020-08-11","2021-04-08","2020-08-11","2020-08-11","2021-04-07",23152,132,13724,75,9428,57,,,,,"2020-03-16",,"2020-03-15",,"2020-03-24",,,
"Gilgit-Baltistan",53617,"2021-01-24","2020-07-17","2021-04-01","2021-01-24","2020-07-19","2021-04-04","2021-01-24","2020-07-18","2021-04-04",1423,36,1152,28,271,8,,,"2020-03-24","2020-05-09","2020-03-13",,"2020-03-24",,"2020-03-24",,"2020-03-24","2020-04-15"
"Global",1,"2021-01-15","2021-01-02","2021-02-17","2021-01-20","2021-01-04","2021-02-13","2021-01-18","2021-01-02","2021-02-12",,,,,,,,,,,,,,,,,,
"Goa",4850,"2020-09-12","2020-09-12","2020-11-15","2020-09-16","2020-09-16","2020-12-27","2020-09-16","2020-09-16","2020-12-27",,,,,,,"2020-03-25","2020-04-20","2020-03-23","2020-06-01","2020-03-15",,"2020-03-23",,"2020-03-15",,"2020-03-15","2020-04-20"
"Goiás",4758,"2020-09-24","2020-09-24","2020-10-30","2020-08-27","2020-08-27","2020-10-30","2020-08-26","2020-08-26","2020-10-30",15778,932,12168,794,3610,138,,,,,"2020-03-18",,"2020-03-13",,"2020-03-17",,"2020-03-20","2020-04-19"
"Greece",82,"2021-01-17","2020-12-30","2021-04-05","2021-01-16","2020-12-30","2021-04-04","2021-01-15","2020-12-30","2021-04-03",44335,862,31308,547,13027,315,"2020-03-23",,"2020-03-23","2020-05-04","2020-03-11","2020-09-14","2020-03-08",,"2020-03-12",,"2020-03-22","2020-05-04"
"Guam",351,"2020-09-07","2020-09-07","2020-10-21","2020-09-25","2020-09-25","2020-10-22","2020-09-24","2020-09-24","2020-10-20",267,4,160,2,107,2,"2020-04-11","2020-04-28",,,"2020-03-17",,"2020-03-16",,"2020-03-20",,"2020-03-20","2020-05-07"
"Guanajuato",4653,"2020-09-06","2020-09-06","2021-02-07","2020-09-05","2020-09-05","2021-02-02","2020-09-05","2020-09-05","2021-02-01",5923,272,3517,207,2406,65,,,"2020-06-22",,"2020-03-16",,"2020-03-24",,"2020-03-23",,"2020-03-30",
"Guangdong",496,"2020-02-18","2020-02-18","2021-12-26","2021-02-01","2020-02-17","2021-12-26","2021-02-01","2020-02-17","2021-12-26",245194,3924,162584,2862,82610,1062,"2020-02-06","2020-05-19","2020-02-06","2020-05-19","2020-02-06","2020-05-19","2020-02-06","2020-05-19","2020-02-06","2020-05-19","2020-02-06","2020-05-19"
"Guatemala",128,"2020-07-05","2020-07-05","2020-07-05","2020-07-16","2020-07-16","2020-07-16","2020-07-15","2020-07-15","2020-07-15",9630,403,6853,281,2777,122,,,,,"2020-03-16",,"2020-03-16",,"2020-03-17",,"2020-03-17",
"Guerrero",4654,"2020-06-16","2020-06-16","2020-11-27","2020-12-15","2020-06-16","2021-02-11","2020-12-14","2020-06-16","2021-02-11",2839,92,1383,60,1456,32,,,"2020-06-22",,"2020-03-22",,"2020-03-24",,"2020-03-23",,"2020-04-04",
"Guinea",208,"2021-02-01","2021-02-08","2021-05-19","2021-02-01","2021-02-09","2021-05-19","2021-02-01","2021-02-08","2021-05-19",4593,35,2723,19,1870,16,,,,,"2020-03-26","2020-09-01","2020-03-26",,"2020-03-26",,,
"Guinea-Bissau",209,"2021-01-27","2020-05-27","2021-04-04","2021-01-27","2020-06-22","2021-04-05","2021-01-27","2020-06-22","2021-04-04",1757,9,1011,4,746,5,,,"2020-03-28",,"2020-03-17",,"2020-03-15",,"2020-03-15",,"2020-04-03",
"Gujarat",4851,"2021-02-01","2021-03-13","2021-04-20","2021-02-01","2021-03-13","2021-04-20","2021-02-01","2021-03-12","2021-04-20",,,,,,,"2020-03-24","2020-05-18","2020-03-24","2020-06-01","2020-03-16",,"2020-03-24",,"2020-03-24",,"2020-03-24","2020-04-24"
"Guyana",113,"2020-10-29","2020-10-07","2021-01-17","2020-10-29","2020-10-07","2021-01-17","2020-10-28","2020-10-07","2021-01-16",1583,18,1417,16,166,2,,,"2020-05-04",,"2020-03-16",,"2020-04-02",,"2020-04-02",,"2020-05-04",
"Hainan",499,"2020-02-10","2020-02-10","2021-05-23","2020-02-07","2020-02-07","2021-05-24","2020-02-07","2020-02-07","2021-05-23",21601,332,14536,245,7065,87,"2020-02-05","2020-02-25","2020-02-05","2020-02-25","2020-02-05","2020-02-25","2020-02-05","2020-02-25","2020-02-05","2020-02-25","2020-02-05","2020-02-25"
"Haiti",114,"2020-06-12","2020-06-12","2021-05-02","2021-02-01","2020-07-04","2021-05-07","2021-02-01","2020-07-03","2021-05-06",10096,147,6849,100,3247,47,,,,,"2020-03-20","2020-08-17","2020-03-20",,"2020-03-20",,,
"Hamburg",60382,"2021-01-30","2020-12-31","2021-02-18","2021-01-29","2020-12-26","2021-02-17","2021-01-28","2020-12-26","2021-02-17",,,,,,,,,"2020-03-22","2020-05-04","2020-03-16","2020-07-01","2020-03-22",,"2020-03-15",,,
"Haryana",4852,"2021-02-01","2021-02-08","2021-03-27","2021-02-01","2021-02-08","2021-03-27","2021-02-01","2021-02-08","2021-03-26",,,,,,,"2020-03-24","2020-05-16","2020-03-24","2020-06-01","2020-03-16",,"2020-03-20",,"2020-03-16",,"2020-03-16","2020-04-20"
"Hawaii",534,"2021-02-01","2020-08-30","2021-04-21","2021-02-01","2020-09-01","2021-04-21","2021-02-01","2020-08-31","2021-04-21",3467,173,2510,128,957,45,,,"2020-03-25","2020-06-10","2020-03-19",,"2020-03-17",,"2020-03-17",,"2020-03-25","2020-05-01"
"Hebei",500,"2020-02-15","2020-02-15","2021-12-26","2020-02-14","2020-02-14","2021-12-26","2020-02-14","2020-02-14","2021-12-26",197631,2861,131952,2099,65679,762,"2020-02-07","2020-03-24","2020-02-07","2020-03-24","2020-02-07","2020-03-24","2020-02-07","2020-03-24","2020-02-07","2020-03-24","2020-02-07","2020-03-24"
"Heilongjiang",501,"2020-02-10","2020-02-10","2020-02-10","2020-02-09","2020-02-09","2020-02-09","2020-02-09","2020-02-09","2020-02-09",117836,1592,78059,1160,39777,432,"2020-02-06","2020-03-09","2020-02-06","2020-03-09","2020-02-06","2020-03-09","2020-02-06","2020-03-09","2020-02-06","2020-03-09","2020-02-06","2020-03-09"
"Hesse",60383,"2021-02-01","2021-01-29","2021-04-08","2021-02-01","2020-04-15","2021-04-06","2021-02-01","2020-04-14","2021-04-06",,,,,,,,,"2020-03-22","2020-05-09","2020-03-16",,"2020-03-22",,"2020-03-15",,,
"Hidalgo",4655,"2020-06-02","2020-06-02","2020-06-02","2020-08-15","2020-08-15","2020-11-12","2020-08-15","2020-08-15","2020-11-11",2273,106,1351,80,922,26,,,"2020-06-22",,"2020-03-22",,"2020-03-24",,"2020-03-29",,"2020-03-30",
"Himachal Pradesh",4853,"2021-01-21","2020-12-30","2021-03-27","2021-01-21","2020-12-30","2021-03-27","2021-01-20","2020-12-30","2021-03-26",,,,,,,"2020-03-23","2020-04-20","2020-03-23","2020-06-01","2020-03-14",,"2020-03-23",,"2020-03-23",,"2020-03-23","2020-04-20"
"Honduras",129,"2021-01-04","2020-07-20","2021-03-01","2021-01-03","2020-07-26","2021-03-01","2021-01-02","2020-07-26","2021-03-01",7783,85,6811,76,972,9,"2020-03-16",,"2020-03-19",,"2020-03-13",,"2020-03-14",,"2020-03-16",,"2020-03-16",
"Hong Kong Special Administrative Region of China",354,"2020-08-04","2020-08-04","2021-05-21","2021-02-01","2020-08-04","2021-05-23","2021-02-01","2020-08-03","2021-05-23",39530,297,25314,210,14216,87,,,,,,,,,,,,
"Hubei",503,"2020-02-13","2020-02-13","2021-03-23","2020-02-12","2020-02-12","2021-04-23","2020-02-11","2020-02-11","2021-04-22",150521,2133,99606,1553,50915,580,"2020-02-10","2020-03-14","2020-02-10","2020-03-14","2020-02-10","2020-03-14","2020-02-10","2020-03-14","2020-02-10","2020-03-14","2020-02-10","2020-03-14"
"Hungary",48,"2020-12-16","2020-11-28","2021-01-15","2020-12-14","2020-11-24","2021-01-15","2020-12-13","2020-11-23","2021-01-14",66853,1262,47151,737,19702,525,,,"2020-03-28","2020-05-18","2020-03-16","2020-09-01","2020-03-12",,"2020-03-12",,"2020-03-16","2020-05-18"
"Iceland",83,"2020-04-04","2020-04-04","2020-04-04","2020-04-08","2020-04-08","2021-05-12","2020-04-07","2020-04-07","2021-05-11",1199,25,960,18,239,7,,,,,"2020-03-16","2020-05-04","2020-03-16",,"2020-03-24","2020-05-25",,
"Idaho",535,"2021-01-11","2020-11-11","2021-02-16","2021-01-10","2020-11-10","2021-02-15","2021-01-09","2020-11-10","2021-02-15",3951,338,2133,187,1818,151,,,"2020-03-25","2020-05-01","2020-03-23",,"2020-03-25","2020-05-01","2020-03-25","2020-06-13","2020-03-25","2020-05-01"
"Illinois",536,"2020-12-21","2020-11-30","2021-01-08","2020-12-20","2020-11-30","2021-01-08","2020-12-20","2020-11-29","2021-01-08",36072,2910,21520,1779,14552,1131,,,"2020-03-21","2020-05-29","2020-03-17",,"2020-03-13",,"2020-03-16",,"2020-03-21","2020-05-01"
"India",163,"2021-02-01","2021-02-03","2021-03-09","2021-02-01","2021-02-02","2021-03-09","2021-02-01","2021-02-02","2021-03-09",,,,,,,"2020-03-25",,"2020-03-25","2020-06-09","2020-03-25",,"2020-03-25",,"2020-03-16",,"2020-03-25","2020-05-21"
"Indiana",537,"2020-12-10","2020-11-20","2020-12-25","2020-12-09","2020-11-19","2020-12-25","2020-12-08","2020-11-19","2020-12-25",20450,1763,11965,1057,8485,706,,,"2020-03-25","2020-05-18","2020-03-19",,"2020-03-12",,"2020-03-16","2020-09-26","2020-03-24","2020-05-18"
"Indonesia",11,"2020-06-09","2020-06-09","2020-06-09","2020-09-23","2020-09-23","2020-09-23","2020-09-23","2020-09-23","2020-09-23",224864,7085,128396,4443,96468,2642,,,,,"2020-03-16",,"2020-03-16",,,,,
"Iowa",538,"2020-12-19","2020-11-13","2021-01-22","2020-12-17","2020-11-13","2021-01-20","2020-12-17","2020-11-12","2021-01-19",9866,584,5569,337,4297,247,,,,,"2020-04-04",,"2020-03-17","2020-06-12","2020-03-17",,"2020-03-17","2020-05-08"
"Iran (Islamic Republic of)",142,"2020-12-18","2020-12-08","2021-01-16","2020-12-18","2020-12-09","2021-01-16","2020-12-17","2020-12-08","2021-01-16",123318,7286,78159,4498,45159,2788,"2020-03-19","2020-04-09",,,"2020-02-24",,"2020-02-24","2020-05-26","2020-03-04",,,
"Iraq",143,"2020-06-25","2020-06-25","2021-02-04","2021-02-01","2021-01-20","2021-02-16","2021-02-01","2021-01-19","2021-02-16",49500,2643,31923,1665,17577,978,,,"2020-03-17","2020-04-21","2020-02-27",,"2020-02-25",,"2020-02-27",,,
"Ireland",84,"2021-02-01","2021-01-09","2021-04-29","2021-02-01","2020-04-17","2021-03-17","2021-02-01","2020-04-16","2021-03-17",16251,291,14678,238,1573,53,,,"2020-03-27","2020-05-18","2020-03-12",,"2020-03-12",,"2020-03-15",,"2020-03-24","2020-05-18"
"Islamabad Capital Territory",53618,"2020-12-27","2020-12-07","2021-03-07","2020-12-28","2020-06-15","2021-03-07","2020-12-27","2020-06-14","2021-03-07",2567,52,2022,40,545,12,,,"2020-03-21","2020-05-09","2020-03-13",,"2020-03-21",,"2020-03-21",,"2020-03-21","2020-04-15"
"Israel",85,"2020-12-24","2020-11-23","2021-02-22","2020-12-23","2020-11-23","2021-02-22","2020-12-22","2020-11-23","2021-02-22",39265,429,36491,347,2774,82,,,"2020-03-25","2020-04-19","2020-03-12","2020-06-01","2020-03-04",,"2020-03-15",,"2020-03-25","2020-05-03"
"Italy",86,"2021-01-14","2020-12-29","2021-02-11","2020-03-28","2020-03-28","2021-01-11","2020-03-28","2020-03-28","2021-01-11",212112,4507,164478,3197,47634,1310,,,,,,,,,,,,
"Jalisco",4656,"2021-01-31","2020-07-02","2021-02-19","2021-01-30","2020-08-16","2021-02-23","2021-01-30","2020-08-16","2021-02-23",9406,348,6535,292,2871,56,,,"2020-04-19",,"2020-03-16",,"2020-03-24",,"2020-03-23",,"2020-03-30",
"Jamaica",115,"2021-02-01","2020-09-27","2021-03-16","2021-02-01","2020-09-26","2021-03-16","2021-02-01","2020-09-26","2021-03-15",4523,108,2885,68,1638,40,,,,,"2020-03-13",,"2020-03-18",,"2020-03-18",,,
"Jammu & Kashmir and Ladakh",4854,"2021-02-01","2020-09-19","2021-03-28","2021-02-01","2020-09-23","2021-03-28","2021-02-01","2020-09-23","2021-03-28",,,,,,,"2020-03-22",,"2020-03-22","2020-06-09","2020-03-11",,"2020-03-22",,"2020-03-22",,"2020-03-22","2020-05-17"
"Japan",67,"2020-05-19","2020-05-19","2021-04-15","2021-02-01","2021-03-07","2021-04-14","2021-02-01","2021-03-06","2021-04-14",1515395,6763,1174563,4972,340832,1791,,,,,"2020-03-02","2020-06-02",,,,,,
"Jharkhand",4855,"2021-02-01","2020-08-28","2021-04-22","2021-02-01","2020-08-26","2021-04-23","2021-02-01","2020-08-26","2021-04-23",,,,,,,"2020-03-23","2020-05-19","2020-03-23","2020-06-01","2020-03-17",,"2020-03-23",,"2020-03-23",,"2020-03-23","2020-04-20"
"Jordan",144,"2020-12-12","2020-11-14","2021-02-13","2020-12-12","2020-11-14","2021-02-13","2020-12-11","2020-11-14","2021-02-13",17356,819,11568,535,5788,284,"2020-03-18","2020-04-29","2020-03-21","2020-04-27","2020-03-15",,"2020-03-14",,"2020-03-14","2020-06-06","2020-03-18","2020-04-27"
"Kansas",539,"2020-11-14","2020-11-04","2021-02-03","2020-11-13","2020-11-02","2021-02-02","2020-11-13","2020-11-02","2021-02-02",11329,678,6518,399,4811,279,,,"2020-03-30","2020-05-04","2020-03-17",,"2020-03-17","2020-05-22","2020-03-30","2020-06-08",,
"Karnataka",4856,"2021-02-01","2020-08-31","2021-03-08","2021-02-01","2020-11-20","2021-03-12","2021-02-01","2020-11-19","2021-03-12",,,,,,,"2020-03-24","2020-05-04","2020-03-24","2020-06-01","2020-03-13",,"2020-03-24",,"2020-03-13",,"2020-03-13","2020-05-04"
"Kazakhstan",36,"2020-07-18","2020-07-18","2020-07-18","2020-07-18","2020-07-18","2020-07-18","2020-07-18","2020-07-18","2020-07-18",124723,4148,110129,3224,14594,924,"2020-03-16","2020-06-01","2020-03-28","2020-05-22","2020-03-16",,"2020-03-28",,"2020-03-16",,"2020-03-16","2020-05-11"
"Kentucky",540,"2021-01-01","2020-11-18","2021-02-22","2020-12-30","2020-11-17","2021-02-22","2020-12-30","2020-11-17","2021-02-22",16156,1215,9946,766,6210,449,,,,,"2020-03-20",,"2020-03-19",,"2020-03-16","2020-06-29","2020-03-26","2020-05-11"
"Kenya",180,"2021-02-01","2020-08-02","2021-05-06","2021-02-01","2020-08-07","2021-05-06","2021-02-01","2020-08-06","2021-05-06",60413,551,27457,221,32956,330,,,,,"2020-03-20",,"2020-03-22",,"2020-03-22",,,
"Kerala",4857,"2021-01-19","2020-12-31","2021-03-05","2021-01-19","2021-01-01","2021-03-04","2021-01-19","2020-12-31","2021-03-04",,,,,,,"2020-03-23","2020-05-19","2020-03-23","2020-06-01","2020-03-18",,"2020-03-23",,"2020-03-23",,"2020-03-23","2020-04-20"
"Khyber Pakhtunkhwa",53619,"2021-02-01","2020-06-23","2021-04-27","2021-02-01","2020-06-20","2021-04-28","2021-02-01","2020-06-19","2021-04-27",23948,643,19402,509,4546,134,,,"2020-03-22","2020-05-09","2020-03-13",,"2020-03-22",,"2020-03-22",,"2020-03-22","2020-04-15"
"Kuwait",145,"2020-05-26","2020-05-26","2021-02-12","2020-12-27","2020-12-08","2021-02-17","2020-12-26","2020-12-08","2021-02-16",10723,409,6953,259,3770,150,"2020-05-10",,"2020-05-10",,"2020-03-01",,"2020-03-18",,"2020-03-14",,"2020-05-10",
"Kyrgyzstan",37,"2020-07-17","2020-07-17","2021-03-07","2020-12-25","2020-07-17","2021-03-19","2020-12-25","2020-07-17","2021-03-19",32558,658,29268,520,3290,138,,,,,"2020-03-16",,"2020-03-17",,"2020-03-22",,"2020-03-22","2020-05-01"
"La Rioja",60376,"2020-04-04","2020-04-04","2020-04-04","2020-04-07","2020-04-07","2020-04-07","2020-04-06","2020-04-06","2020-04-06",,,,,,,,,"2020-03-15","2020-05-11","2020-03-14",,"2020-03-15",,"2020-03-15",,"2020-03-15","2020-04-13"
"Latin America and Caribbean",103,"2020-07-01","2020-07-01","2020-07-01","2020-08-05","2020-08-05","2020-08-05","2020-08-04","2020-08-04","2020-08-04",,,,,,,,,,,,,,,,,,
"Latvia",59,"2021-02-01","2020-04-17","2021-04-29","2021-02-01","2020-04-21","2021-04-28","2021-02-01","2020-04-21","2021-04-28",11656,229,8297,138,3359,91,,,,,"2020-03-12",,"2020-03-13",,,,,
"Lazio",35506,"2020-12-11","2020-11-28","2021-01-28","2020-12-08","2020-11-25","2020-12-31","2020-12-08","2020-11-25","2020-12-31",19268,417,14953,296,4315,121,"2020-03-22","2020-05-04","2020-03-11","2020-06-03","2020-03-05",,"2020-03-11",,"2020-03-11","2020-06-15","2020-03-11","2020-04-14"
"Lebanon",146,"2020-12-28","2020-12-02","2021-02-24","2020-12-27","2020-12-02","2021-02-23","2020-12-27","2020-12-02","2021-02-23",15959,561,9807,333,6152,228,,,"2020-03-15","2020-05-04","2020-03-03",,"2020-03-15",,"2020-03-15",,"2020-03-15","2020-05-04"
"Liberia",210,"2020-07-12","2020-07-12","2021-12-26","2020-07-13","2020-07-13","2021-12-26","2020-07-12","2020-07-12","2021-12-26",3397,20,1942,10,1455,10,,,,,"2020-03-16",,"2020-03-21",,"2020-03-21",,"2020-04-14","2020-05-22"
"Libya",147,"2021-02-01","2020-09-18","2021-03-15","2021-02-01","2020-09-20","2021-03-15","2021-02-01","2020-09-20","2021-03-15",23956,549,14860,330,9096,219,,,,,"2020-03-16",,"2020-03-22",,"2020-03-22",,,
"Liguria",35496,"2021-01-13","2020-12-26","2021-02-23","2020-03-28","2020-03-28","2020-03-28","2020-03-28","2020-03-28","2020-03-28",5239,113,4065,80,1174,33,"2020-03-22","2020-05-04","2020-03-11","2020-06-03","2020-03-05",,"2020-03-11",,"2020-03-11","2020-06-15","2020-03-11","2020-04-14"
"Lithuania",60,"2021-01-23","2020-12-27","2021-04-06","2021-01-22","2020-12-21","2021-04-06","2021-01-22","2020-12-21","2021-04-05",18568,351,13580,219,4988,132,,,"2020-03-15","2020-04-29","2020-03-16","2020-09-01","2020-03-15",,"2020-03-14","2020-06-16","2020-03-15","2020-04-15"
"Lombardia",35497,"2020-04-03","2020-04-03","2021-01-21","2020-03-26","2020-03-26","2020-03-26","2020-03-26","2020-03-26","2020-03-26",33545,727,25993,515,7552,212,"2020-03-08","2020-05-04","2020-03-08","2020-06-03","2020-03-01",,"2020-02-22",,"2020-02-22","2020-06-15","2020-03-08","2020-04-14"
"Louisiana",541,"2020-04-10","2020-04-10","2021-01-17","2020-04-14","2020-04-14","2020-04-14","2020-04-14","2020-04-14","2020-04-14",18060,1242,10855,765,7205,477,,,"2020-03-23","2020-05-15","2020-03-16",,"2020-03-13","2020-05-15","2020-03-17",,"2020-03-22","2020-05-01"
"Lower Saxony",60384,"2021-02-01","2021-01-07","2021-02-24","2021-02-01","2021-01-01","2021-02-24","2021-02-01","2020-12-31","2021-02-24",,,,,,,,,"2020-03-23","2020-05-11","2020-03-16",,"2020-03-23",,"2020-03-27",,"2020-03-27","2020-04-20"
"Luxembourg",87,"2021-01-25","2020-04-05","2021-04-02","2020-04-06","2020-04-06","2021-03-27","2020-04-06","2020-04-06","2021-03-27",2975,55,2107,35,868,20,,,,,"2020-03-16",,"2020-03-13",,"2020-03-18","2020-07-16","2020-03-18","2020-04-20"
"Madagascar",181,"2020-07-23","2020-07-23","2020-07-23","2020-08-04","2020-08-04","2020-08-04","2020-08-04","2020-08-04","2020-08-04",9700,62,4723,27,4977,35,"2020-03-21",,,,"2020-03-20",,"2020-03-20",,"2020-03-20",,,
"Madhya Pradesh",4859,"2021-02-01","2021-03-01","2021-04-13","2021-02-01","2021-03-01","2021-04-13","2021-02-01","2021-03-01","2021-04-13",,,,,,,"2020-03-23","2020-06-01","2020-03-23","2020-06-01","2020-03-14",,"2020-03-23",,"2020-03-23",,"2020-03-23","2020-05-19"
"Maharashtra",4860,"2020-09-16","2020-09-16","2021-01-26","2020-09-20","2020-09-20","2021-01-30","2020-09-19","2020-09-19","2021-01-29",,,,,,,"2020-03-23","2020-06-05","2020-03-23","2020-06-03","2020-03-23",,"2020-03-23",,"2020-03-23",,"2020-03-23","2020-04-24"
"Maine",542,"2020-05-26","2020-05-26","2021-06-08","2020-04-18","2020-04-18","2021-06-07","2020-04-18","2020-04-18","2021-06-06",3814,244,2752,180,1062,64,,,"2020-04-02","2020-05-31","2020-03-16",,"2020-03-18",,"2020-03-18",,"2020-03-25","2020-05-01"
"Malawi",182,"2020-07-27","2020-07-27","2021-10-30","2020-07-27","2020-07-27","2021-10-30","2020-07-26","2020-07-26","2021-10-30",19486,78,8985,32,10501,46,,,,,"2020-03-23",,"2020-03-23",,,,,
"Malaysia",13,"2021-02-01","2020-04-05","2021-05-02","2021-02-01","2020-04-03","2021-05-06","2021-02-01","2020-04-02","2021-05-06",60104,1088,40229,795,19875,293,"2020-03-18","2020-06-10","2020-03-18","2020-06-10","2020-03-18",,"2020-03-13",,"2020-03-18",,"2020-03-18","2020-06-10"
"Maldives",14,"2021-01-26","2020-08-16","2021-04-18","2021-01-26","2020-08-17","2021-04-26","2021-01-26","2020-08-16","2021-04-26",975,18,625,12,350,6,,,"2020-04-15",,"2020-03-14",,"2020-03-16",,"2020-03-15",,,
"Mali",211,"2020-05-25","2020-05-25","2021-06-09","2020-05-29","2020-05-29","2021-06-09","2020-05-28","2020-05-28","2021-06-08",6331,55,3771,31,2560,24,,,,,"2020-03-19",,"2020-03-19",,"2020-03-19",,,
"Malta",88,"2020-12-28","2020-12-07","2021-03-02","2020-12-26","2020-12-04","2021-03-02","2020-12-26","2020-12-03","2021-03-02",2129,39,1746,29,383,10,,,,,"2020-03-13",,"2020-03-03",,"2020-03-17","2020-07-01","2020-03-23","2020-05-22"
"Manipur",4861,"2020-12-31","2020-12-16","2021-01-27","2021-01-01","2020-12-16","2021-01-27","2020-12-31","2020-12-15","2021-01-27",,,,,,,"2020-03-23","2020-05-04","2020-03-23","2020-06-01","2020-03-13",,"2020-03-23",,"2020-03-23",,"2020-03-23","2020-04-21"
"Manitoba",43860,"2020-12-10","2020-10-23","2021-04-06","2020-12-08","2020-10-21","2021-04-04","2020-12-08","2020-10-20","2021-04-04",,,,,,,,,,,"2020-03-23",,"2020-03-20",,"2020-03-20",,"2020-04-01","2020-05-04"
"Maranhão",4759,"2020-05-09","2020-05-09","2020-05-09","2020-06-20","2020-06-20","2020-06-20","2020-06-20","2020-06-20","2020-06-20",11926,469,9333,403,2593,66,,,,,"2020-03-17",,"2020-03-21",,"2020-03-21",,"2020-03-21",
"Marche",35505,"2021-01-13","2020-12-21","2021-02-20","2020-03-27","2020-03-27","2021-01-23","2020-03-26","2020-03-26","2021-01-23",5491,116,4253,82,1238,34,"2020-03-22","2020-05-04","2020-03-11","2020-06-03","2020-03-05",,"2020-03-07",,"2020-03-07","2020-06-15","2020-03-11","2020-04-14"
"Maryland",543,"2021-02-01","2020-05-03","2021-04-20","2020-04-30","2020-04-30","2021-03-23","2020-04-30","2020-04-30","2021-03-25",14350,1030,10389,764,3961,266,,,"2020-03-30","2020-05-15","2020-03-16",,"2020-03-16","2020-06-10","2020-03-16",,"2020-03-23","2020-05-15"
"Massachusetts",544,"2020-04-23","2020-04-23","2020-04-23","2020-04-16","2020-04-16","2020-04-16","2020-04-15","2020-04-15","2020-04-15",20197,1250,15348,973,4849,277,,,,,"2020-03-17",,"2020-03-13",,"2020-03-17",,"2020-03-24","2020-05-18"
"Mato Grosso",4762,"2020-07-21","2020-07-21","2020-07-21","2020-07-20","2020-07-20","2020-07-20","2020-07-20","2020-07-20","2020-07-20",6270,468,4861,400,1409,68,,,"2020-03-31",,"2020-03-23",,"2020-03-16",,"2020-03-26",,"2020-03-26","2020-04-22"
"Mato Grosso do Sul",4761,"2020-09-19","2020-09-19","2020-10-31","2020-08-26","2020-08-26","2020-10-30","2020-08-26","2020-08-26","2020-10-30",5036,319,3904,272,1132,47,,,,,"2020-03-23",,"2020-03-16",,,,,
"Mauritania",212,"2020-06-09","2020-06-09","2021-05-06","2020-06-10","2020-06-10","2021-05-04","2020-06-10","2020-06-10","2021-05-04",1722,12,992,6,730,6,"2020-03-29","2020-07-10",,,"2020-03-16","2020-09-01","2020-03-19","2020-09-05","2020-03-19","2020-07-07",,
"Mauritius",183,"2020-04-01","2020-04-01","2021-11-05","2020-03-31","2020-03-31","2021-11-04","2020-03-31","2020-03-31","2021-11-04",3302,56,2111,39,1191,17,"2020-03-23","2020-05-30","2020-03-23","2020-05-30","2020-03-19",,"2020-03-23","2020-06-12","2020-03-23","2020-06-15","2020-03-23","2020-06-12"
"Mecklenburg-Vorpommern",60385,"2020-04-07","2020-04-07","2021-05-21","2020-04-06","2020-04-06","2020-04-06","2020-04-05","2020-04-05","2020-04-05",,,,,,,,,"2020-03-23","2020-05-07","2020-03-16",,"2020-03-23",,"2020-03-18",,"2020-03-18","2020-04-20"
"Meghalaya",4862,"2021-01-04","2020-12-17","2021-03-12","2021-01-04","2020-12-17","2021-03-12","2021-01-04","2020-12-17","2021-03-11",,,,,,,"2020-03-24","2020-05-11","2020-03-24","2020-06-08","2020-03-17",,"2020-03-24",,"2020-03-24",,"2020-03-24","2020-04-24"
"Mexico",130,"2020-06-30","2020-06-30","2020-06-30","2020-08-06","2020-08-06","2020-08-06","2020-08-06","2020-08-06","2020-08-06",122578,5828,78482,4638,44096,1190,,,,,"2020-03-23",,"2020-03-24",,"2020-04-04",,"2020-04-04",
"Mexico City",4651,"2020-06-12","2020-06-12","2020-06-12","2020-06-11","2020-06-11","2020-06-11","2020-06-11","2020-06-11","2020-06-11",16634,943,10350,741,6284,202,,,"2020-06-22",,"2020-03-19",,"2020-03-16",,"2020-03-30",,"2020-04-01","2020-06-01"
"Michigan",545,"2021-01-08","2020-12-13","2021-02-15","2020-04-17","2020-04-17","2020-12-26","2020-04-16","2020-04-16","2020-12-27",28300,2164,18145,1421,10155,743,,,"2020-03-24","2020-06-01","2020-03-16",,"2020-03-13",,"2020-03-16",,"2020-03-23","2020-05-07"
"Michoacán de Ocampo",4658,"2021-01-21","2020-11-16","2021-02-22","2021-01-20","2020-11-16","2021-02-22","2021-01-20","2020-11-16","2021-02-21",4464,107,2520,78,1944,29,,,"2020-06-22",,"2020-03-23",,"2020-03-15",,"2020-03-23",,"2020-03-30",
"Minas Gerais",4760,"2020-08-22","2020-08-22","2020-11-03","2020-08-16","2020-08-16","2020-08-16","2020-08-15","2020-08-15","2020-08-15",37510,2847,29032,2431,8478,416,,,,,"2020-03-20",,"2020-03-22",,"2020-03-22",,,
"Minnesota",546,"2020-12-31","2020-12-08","2021-01-22","2020-12-29","2020-12-08","2021-01-22","2020-12-28","2020-12-08","2021-01-22",15196,1140,10212,785,4984,355,,,"2020-03-28","2020-05-18","2020-03-18",,"2020-03-28",,"2020-03-17","2020-06-10",,
"Mississippi",547,"2020-07-30","2020-07-30","2021-03-08","2020-08-08","2020-08-08","2021-02-18","2020-08-07","2020-08-07","2021-02-18",14005,862,8272,521,5733,341,,,"2020-04-03","2020-04-27","2020-03-19",,"2020-03-24",,"2020-03-24","2020-06-01","2020-04-03","2020-04-27"
"Missouri",548,"2021-01-13","2020-10-06","2021-04-07","2021-01-12","2020-09-25","2021-04-04","2021-01-11","2020-09-24","2021-04-03",21575,1586,13642,1027,7933,559,,,"2020-04-06","2020-05-15","2020-03-23",,"2020-03-23","2020-05-04","2020-03-23","2020-06-16",,
"Molise",35508,"2021-01-27","2020-04-04","2021-04-07","2021-01-27","2020-03-22","2021-04-06","2021-01-27","2020-03-21","2021-04-06",1087,22,844,15,243,7,"2020-03-22","2020-05-04","2020-03-11","2020-06-03","2020-03-05",,"2020-03-11",,"2020-03-11","2020-06-15","2020-03-11","2020-04-14"
"Montana",549,"2021-01-23","2020-11-06","2021-04-13","2021-01-22","2020-11-05","2021-04-12","2021-01-21","2020-11-04","2021-04-12",4145,219,2475,134,1670,85,,,"2020-03-26","2020-04-26","2020-03-15",,"2020-03-24","2020-06-01","2020-03-20","2020-06-01","2020-03-26","2020-05-01"
"Montenegro",50,"2020-12-01","2020-10-31","2021-02-05","2020-11-30","2020-10-31","2021-02-05","2020-11-30","2020-10-31","2021-02-04",2335,57,1694,34,641,23,"2020-03-17","2020-05-04",,,"2020-03-16",,"2020-03-13",,"2020-03-18",,"2020-03-18","2020-05-04"
"Morelos",4659,"2020-05-16","2020-05-16","2020-05-16","2020-05-17","2020-05-17","2021-02-13","2020-05-16","2020-05-16","2021-02-12",1506,79,961,63,545,16,,,"2020-06-22",,"2020-03-17",,"2020-03-20",,"2020-03-23",,"2020-03-30",
"Morocco",148,"2021-01-20","2021-01-05","2021-02-27","2021-01-20","2021-01-05","2021-02-27","2021-01-19","2021-01-05","2021-02-26",31279,1851,20558,1191,10721,660,"2020-03-20","2020-06-25","2020-03-18","2020-06-25","2020-03-16",,"2020-03-05",,"2020-03-16",,"2020-03-16","2020-06-25"
"Mozambique",184,"2020-09-21","2020-09-21","2021-11-03","2020-09-22","2020-09-22","2021-11-03","2020-09-21","2020-09-21","2021-11-03",20451,97,9706,41,10745,56,,,,,"2020-03-23",,"2020-03-23",,"2020-03-30",,,
"Murcia",60366,"2021-02-01","2020-04-05","2021-05-06","2020-04-03","2020-04-03","2021-03-30","2020-04-03","2020-04-03","2021-03-29",,,,,,,,,"2020-03-15","2020-05-11","2020-03-14",,"2020-03-15",,"2020-03-15",,"2020-03-15","2020-04-13"
"Myanmar",15,"2021-01-10","2020-12-25","2021-02-14","2021-01-11","2020-12-25","2021-02-14","2021-01-10","2020-12-24","2021-02-14",33677,378,23019,281,10658,97,"2020-03-12",,,,"2020-03-24",,"2020-03-13",,"2020-03-24",,,
"México",4657,"2020-06-27","2020-06-27","2020-06-27","2020-06-24","2020-06-24","2020-06-24","2020-06-24","2020-06-24","2020-06-24",12543,553,7311,416,5232,137,,,"2020-04-02",,"2020-03-22",,"2020-03-24",,"2020-03-23",,"2020-04-02",
"Nagaland",4864,"2021-02-01","2020-08-02","2021-12-26","2021-02-01","2020-08-02","2021-12-26","2021-02-01","2020-08-01","2021-12-26",,,,,,,"2020-03-18","2020-05-04","2020-03-25","2020-06-01","2020-03-18",,"2020-03-25",,"2020-03-18",,"2020-03-18","2020-04-25"
"Namibia",195,"2020-08-28","2020-08-28","2021-10-12","2020-08-27","2020-08-27","2021-10-21","2020-08-27","2020-08-27","2021-10-20",6206,145,3852,87,2354,58,,,"2020-04-14","2020-05-05","2020-03-16","2020-09-07","2020-03-14",,"2020-04-14",,"2020-04-14","2020-05-05"
"Navarre",60370,"2020-11-02","2020-10-29","2020-12-08","2020-04-01","2020-04-01","2020-11-02","2020-03-31","2020-03-31","2020-11-02",,,,,,,,,"2020-03-15","2020-05-11","2020-03-14",,"2020-03-15",,"2020-03-15",,"2020-03-15","2020-04-13"
"Nayarit",4660,"2020-06-18","2020-06-18","2021-02-16","2020-07-30","2020-07-30","2021-02-16","2020-07-29","2020-07-29","2021-02-15",851,26,539,20,312,6,,,"2020-06-22",,"2020-03-22",,"2020-03-15",,"2020-03-23",,"2020-03-30",
"Nebraska",550,"2020-12-25","2020-11-12","2021-01-22","2020-12-25","2020-11-11","2021-01-22","2020-12-24","2020-11-11","2021-01-22",7413,569,4283,336,3130,233,,,,,"2020-04-02",,"2020-03-16",,"2020-03-19","2020-07-06",,
"Nepal",164,"2021-01-08","2020-12-21","2021-02-08","2021-01-09","2020-12-23","2021-02-08","2021-01-08","2020-12-22","2021-02-08",5699,576,4687,461,1012,115,"2020-03-24","2020-06-15","2020-03-24","2020-06-15","2020-03-18",,"2020-03-18",,"2020-03-18",,"2020-03-22","2020-06-15"
"Netherlands",89,"2021-02-01","2020-12-20","2021-02-21","2021-02-01","2020-12-16","2021-02-16","2021-02-01","2020-12-16","2021-02-16",62991,1420,40490,797,22501,623,,,,,"2020-03-15","2020-08-17","2020-03-10",,"2020-03-12",,,
"Nevada",551,"2021-02-01","2020-08-02","2021-04-15","2020-08-14","2020-08-14","2021-04-09","2020-08-14","2020-08-14","2021-04-08",8006,696,5758,513,2248,183,,,"2020-03-31","2020-05-09","2020-03-16",,"2020-03-24",,"2020-03-18",,"2020-03-21","2020-05-09"
"New Hampshire",552,"2021-01-27","2020-12-28","2021-02-21","2021-01-26","2020-12-26","2021-02-20","2021-01-26","2020-12-26","2021-02-20",3052,263,2033,179,1019,84,,,"2020-03-27","2020-06-16","2020-03-16",,"2020-03-16",,"2020-03-16","2020-06-29","2020-03-28","2020-05-11"
"New Jersey",553,"2020-04-15","2020-04-15","2021-04-25","2020-04-20","2020-04-20","2020-04-20","2020-04-20","2020-04-20","2020-04-20",25996,1643,18181,1177,7815,466,,,"2020-03-21","2020-06-09","2020-03-18",,"2020-03-16",,"2020-03-16",,"2020-03-21","2020-05-02"
"New Mexico",554,"2021-01-26","2021-01-06","2021-02-24","2021-01-25","2021-01-03","2021-02-23","2021-01-25","2021-01-03","2021-02-23",4756,331,3003,214,1753,117,,,,,"2020-03-13",,"2020-03-12",,"2020-03-16",,"2020-03-24","2020-05-15"
"New York",555,"2020-04-12","2020-04-12","2021-01-25","2020-04-11","2020-04-11","2020-04-11","2020-04-10","2020-04-10","2020-04-10",62232,3787,49221,3069,13011,718,,,"2020-03-22","2020-06-08","2020-03-18",,"2020-03-12",,"2020-03-16",,"2020-03-22","2020-06-08"
"New Zealand",72,"2020-04-19","2020-04-19","2021-11-13","2020-04-17","2020-04-17","2021-11-18","2020-04-17","2020-04-17","2021-11-18",14559,267,11654,202,2905,65,,,"2020-03-24","2020-05-14","2020-03-24","2020-05-18","2020-03-16","2020-06-09","2020-03-24","2020-06-09","2020-03-24","2020-04-28"
"Nicaragua",131,"2021-02-01","2020-05-27","2021-05-23","2021-02-01","2020-05-28","2021-05-27","2021-02-01","2020-05-28","2021-05-26",5931,209,4132,142,1799,67,,,,,,,,,,,,
"Niger",213,"2020-05-11","2020-05-11","2021-06-06","2020-05-10","2020-05-10","2021-06-06","2020-05-10","2020-05-10","2021-06-06",5577,52,3361,30,2216,22,,,,,"2020-03-17","2020-08-14","2020-03-13","2020-05-25","2020-03-18",,,
"Nigeria",214,"2020-07-25","2020-07-25","2020-07-25","2020-06-19","2020-06-19","2020-06-19","2020-06-18","2020-06-18","2020-06-18",189176,1003,107432,541,81744,462,,,,,"2020-03-23",,,,,,,
"North Africa and Middle East",138,"2020-12-24","2020-12-11","2021-01-18","2020-12-23","2020-12-11","2021-01-16","2020-12-23","2020-12-10","2021-01-16",,,,,,,,,,,,,,,,,,
"North America",44638,"2021-01-22","2021-01-10","2021-02-10","2021-01-19","2021-01-05","2021-02-08","2021-01-18","2021-01-04","2021-02-08",,,,,,,,,,,,,,,,,,
"North Carolina",556,"2021-01-23","2020-12-23","2021-03-28","2021-01-22","2020-12-22","2021-03-27","2021-01-22","2020-12-21","2021-03-27",24713,2096,17587,1528,7126,568,,,"2020-03-30","2020-05-08","2020-03-14",,"2020-03-14",,"2020-03-17",,"2020-03-30","2020-05-08"
"North Dakota",557,"2020-11-01","2020-10-09","2020-12-12","2020-11-01","2020-10-07","2020-12-07","2020-10-31","2020-10-07","2020-12-06",3779,219,2234,132,1545,87,,,,,"2020-03-16",,,,"2020-03-20",,,
"North Macedonia",49,"2020-11-28","2020-11-09","2021-03-09","2020-11-27","2020-11-09","2021-03-09","2020-11-27","2020-11-09","2021-03-08",8873,209,5364,96,3509,113,,,"2020-03-22","2020-05-13","2020-03-10",,"2020-03-22",,"2020-03-14",,"2020-03-14","2020-05-13"
"North Rhine-Westphalia",60386,"2021-02-01","2021-01-05","2021-04-10","2021-02-01","2021-01-02","2021-04-09","2021-02-01","2021-01-02","2021-04-09",,,,,,,,,"2020-03-23","2020-05-11","2020-03-16",,"2020-03-23",,"2020-02-26",,"2020-03-23","2020-04-20"
"Northern Ireland",433,"2020-12-20","2020-11-24","2021-01-15","2020-12-19","2020-11-21","2021-01-13","2020-12-19","2020-11-20","2021-01-13",5618,212,4718,163,900,49,,,"2020-03-23","2020-06-13","2020-03-23","2020-08-31","2020-03-23",,"2020-03-23",,"2020-03-23","2020-06-08"
"Norway",90,"2021-01-17","2020-12-26","2021-04-03","2021-01-15","2020-12-23","2021-04-02","2021-01-14","2020-12-22","2021-04-01",20357,419,16905,319,3452,100,,,,,"2020-03-12","2020-05-15","2020-03-12",,"2020-03-12",,,
"Nova Scotia",43864,"2020-05-02","2020-05-02","2021-04-24","2020-04-27","2020-04-27","2021-04-22","2020-04-27","2020-04-27","2021-04-22",,,,,,,,,,,"2020-03-16",,"2020-03-15",,"2020-03-15",,,
"Nuevo León",4661,"2020-08-10","2020-08-10","2021-01-20","2020-08-10","2020-08-10","2021-01-12","2020-08-09","2020-08-09","2021-01-12",6149,442,4360,375,1789,67,,,"2020-06-22",,"2020-03-22",,"2020-03-23",,"2020-03-24",,"2020-03-30",
"Oaxaca",4662,"2020-06-17","2020-06-17","2021-02-14","2021-01-27","2020-06-18","2021-02-25","2021-01-27","2020-06-17","2021-02-25",3117,69,1678,49,1439,20,,,"2020-06-22",,"2020-03-22",,"2020-03-12",,"2020-03-23",,"2020-03-30",
"Odisha",4865,"2021-02-01","2021-02-09","2021-03-23","2021-02-01","2021-02-09","2021-03-23","2021-02-01","2021-02-09","2021-03-22",,,,,,,"2020-03-24","2020-05-18","2020-03-24","2020-06-01","2020-03-13",,"2020-03-24",,"2020-03-24",,"2020-03-24","2020-05-04"
"Ohio",558,"2021-01-24","2021-01-01","2021-03-16","2021-01-21","2021-01-01","2021-03-16","2021-01-21","2021-01-01","2021-03-15",37351,3371,23060,2132,14291,1239,,,"2020-03-23","2020-05-20","2020-03-16",,"2020-03-12",,"2020-03-15",,"2020-03-23","2020-05-04"
"Oklahoma",559,"2021-01-23","2020-12-30","2021-04-02","2021-01-23","2020-12-30","2021-04-01","2021-01-23","2020-12-30","2021-04-01",13153,1166,7695,699,5458,467,,,,,"2020-03-17",,"2020-03-24","2020-05-24","2020-04-01","2020-06-01","2020-04-01","2020-04-24"
"Oman",150,"2021-01-08","2020-07-21","2021-01-30","2021-01-09","2020-07-31","2021-01-30","2021-01-09","2020-07-31","2021-01-30",7185,171,4343,99,2842,72,,,,,"2020-03-15",,"2020-04-21",,"2020-03-31","2020-10-01",,
"Ontario",43866,"2021-02-01","2020-12-31","2021-03-04","2021-02-01","2020-12-28","2021-03-05","2021-02-01","2020-12-27","2021-03-05",,,,,,,,,,,"2020-03-16",,"2020-03-16",,"2020-03-16",,"2020-04-05","2020-05-04"
"Oregon",560,"2021-02-01","2021-01-14","2021-05-03","2021-02-01","2021-01-11","2021-05-02","2021-02-01","2021-01-11","2021-05-02",7900,655,5242,445,2658,210,,,"2020-03-23","2020-06-19","2020-03-16",,"2020-03-12",,"2020-03-17",,,
"Pakistan",165,"2021-02-01","2021-02-09","2021-04-09","2021-02-01","2021-02-11","2021-04-10","2021-02-01","2021-02-10","2021-04-09",120257,3443,97675,2732,22582,711,,,"2020-03-24","2020-05-09","2020-03-15","2020-09-30","2020-03-24",,"2020-03-24",,"2020-03-24","2020-04-15"
"Palestine",149,"2021-01-17","2020-12-22","2021-02-14","2021-01-17","2020-12-22","2021-02-14","2021-01-16","2020-12-22","2021-02-13",8244,369,5247,228,2997,141,"2020-03-22","2020-05-29","2020-03-22","2020-05-29","2020-03-16",,"2020-03-22",,"2020-03-22",,"2020-03-22","2020-05-05"
"Panama",132,"2020-08-08","2020-08-08","2021-02-10","2020-07-22","2020-07-22","2020-07-22","2020-07-21","2020-07-21","2020-07-21",8570,312,4686,158,3884,154,"2020-03-13","2020-06-01","2020-03-25","2020-06-01","2020-03-16",,"2020-03-25",,"2020-03-25",,"2020-03-25","2020-05-13"
"Paraguay",136,"2020-10-17","2020-10-07","2020-11-07","2020-10-17","2020-10-07","2020-11-07","2020-10-16","2020-10-07","2020-11-06",7477,624,6023,547,1454,77,,,"2020-03-20",,"2020-03-11",,"2020-03-10",,"2020-03-12",,"2020-03-21","2020-05-25"
"Paraná",4765,"2020-09-19","2020-09-19","2020-09-19","2020-08-05","2020-08-05","2020-08-05","2020-08-04","2020-08-04","2020-08-04",24672,1896,19026,1616,5646,280,,,,,"2020-03-20",,"2020-03-16",,"2020-03-16",,"2020-03-21","2020-06-22"
"Paraíba",4764,"2020-07-20","2020-07-20","2020-07-20","2020-07-16","2020-07-16","2020-07-16","2020-07-15","2020-07-15","2020-07-15",7370,412,5716,352,1654,60,,,,,"2020-03-19",,"2020-03-17",,"2020-03-29",,,
"Pará",4763,"2020-05-23","2020-05-23","2020-05-23","2020-05-26","2020-05-26","2020-05-26","2020-05-26","2020-05-26","2020-05-26",12147,612,9493,525,2654,87,"2020-04-06",,,,"2020-03-24",,"2020-03-27",,"2020-03-20",,"2020-03-20",
"Pennsylvania",561,"2021-01-10","2020-12-11","2021-02-23","2020-05-02","2020-05-02","2021-02-14","2020-05-02","2020-05-02","2021-02-14",42658,3250,28263,2206,14395,1044,,,"2020-04-01","2020-06-05","2020-03-17",,"2020-04-01","2020-09-14","2020-03-18","2020-07-03","2020-03-23","2020-05-08"
"Pernambuco",4766,"2020-05-23","2020-05-23","2020-05-23","2020-05-25","2020-05-25","2020-05-25","2020-05-24","2020-05-24","2020-05-24",18812,1299,14619,1112,4193,187,,,,,"2020-03-18",,,,"2020-03-19",,"2020-03-20",
"Peru",123,"2020-08-15","2020-08-15","2020-08-15","2020-08-04","2020-08-04","2020-08-04","2020-08-03","2020-08-03","2020-08-03",41162,861,23406,773,17756,88,,,"2020-03-16",,"2020-03-16",,"2020-03-12",,"2020-03-16",,"2020-03-16","2020-05-01"
"Philippines",16,"2021-02-01","2020-06-11","2021-03-02","2021-02-01","2021-01-15","2021-03-09","2021-02-01","2021-01-15","2021-03-09",93686,2434,63251,1792,30435,642,,,,,"2020-03-16",,,,,,,
"Piaui",4767,"2020-07-04","2020-07-04","2020-07-04","2020-07-10","2020-07-10","2020-07-10","2020-07-09","2020-07-09","2020-07-09",6371,230,4947,196,1424,34,,,,,"2020-03-16",,"2020-03-16",,"2020-03-19",,"2020-03-23",
"Piemonte",35494,"2021-01-12","2020-12-22","2021-02-07","2020-04-12","2020-04-12","2021-01-15","2020-04-12","2020-04-12","2021-01-15",15287,326,11846,231,3441,95,"2020-03-22","2020-05-04","2020-03-11","2020-06-03","2020-03-05",,"2020-03-07",,"2020-03-07","2020-06-15","2020-03-11","2020-04-14"
"Poland",51,"2020-12-08","2020-11-18","2020-12-29","2020-12-07","2020-11-17","2020-12-29","2020-12-07","2020-11-16","2020-12-29",202488,9796,146030,5906,56458,3890,,,"2020-03-24","2020-04-20","2020-03-12","2020-09-01","2020-03-10",,"2020-03-31",,,
"Portugal",91,"2021-01-01","2020-12-09","2021-01-16","2020-12-30","2020-12-07","2021-01-16","2020-12-30","2020-12-07","2021-01-16",34964,766,24030,470,10934,296,"2020-04-09","2020-05-02","2020-03-19","2020-05-02","2020-03-16",,"2020-03-19",,"2020-03-16",,"2020-03-19","2020-05-02"
"Provincia autonoma di Bolzano",35498,"2021-01-31","2021-01-07","2021-03-30","2021-01-29","2020-04-01","2021-02-12","2021-01-29","2020-04-01","2021-02-11",1744,38,1352,26,392,12,"2020-03-22","2020-05-04","2020-03-11","2020-06-03","2020-03-05",,"2020-03-11",,"2020-03-11","2020-06-15","2020-03-11","2020-04-14"
"Provincia autonoma di Trento",35499,"2021-01-01","2020-12-06","2021-03-22","2020-03-30","2020-03-30","2021-01-18","2020-03-30","2020-03-30","2021-01-18",1847,40,1431,28,416,12,"2020-03-22","2020-05-04","2020-03-11","2020-06-03","2020-03-05",,"2020-03-11",,"2020-03-11","2020-06-15","2020-03-11","2020-04-14"
"Puebla",4663,"2020-07-02","2020-07-02","2020-07-02","2020-08-08","2020-08-08","2021-01-23","2020-08-07","2020-08-07","2021-01-23",5773,245,3286,181,2487,64,,,"2020-06-22",,"2020-03-22",,"2020-03-23",,"2020-03-29",,"2020-03-30",
"Puerto Rico",385,"2021-01-11","2020-08-02","2021-03-14","2021-01-10","2020-09-14","2021-03-14","2021-01-10","2020-09-13","2021-03-13",7263,155,4487,95,2776,60,,,"2020-03-16","2020-06-16","2020-03-16",,"2020-03-12",,"2020-03-16","2020-06-16","2020-03-16","2020-05-04"
"Puglia",35510,"2021-02-01","2021-01-21","2021-04-18","2021-02-01","2020-04-04","2021-04-16","2021-02-01","2020-04-04","2021-04-16",15201,313,11781,221,3420,92,"2020-03-22","2020-05-04","2020-03-11","2020-06-03","2020-03-05",,"2020-03-11",,"2020-03-11","2020-06-15","2020-03-11","2020-04-14"
"Punjab",4867,"2021-02-01","2020-09-12","2021-03-15","2021-02-01","2020-09-15","2021-03-16","2021-02-01","2020-09-14","2021-03-16",,,,,,,"2020-03-23","2020-05-20","2020-03-23","2020-06-01","2020-03-19",,"2020-03-22",,"2020-03-23",,"2020-03-23","2020-04-30"
"Punjab",53620,"2021-02-01","2020-06-21","2021-05-04","2021-02-01","2020-06-18","2021-05-04","2021-02-01","2020-06-18","2021-05-04",51809,1601,42227,1274,9582,327,,,"2020-03-24","2020-05-09","2020-03-15",,"2020-03-24",,"2020-03-24",,"2020-03-24","2020-04-15"
"Qatar",151,"2020-05-31","2020-05-31","2021-03-28","2021-02-01","2020-06-12","2021-04-04","2021-02-01","2020-06-12","2021-04-04",3721,186,2332,113,1389,73,,,,,"2020-03-10",,"2020-03-14",,"2020-03-13",,"2020-03-13","2020-06-15"
"Quebec",43868,"2020-06-17","2020-06-17","2021-02-08","2021-01-25","2020-05-01","2021-02-09","2021-01-25","2020-04-30","2021-02-09",,,,,,,,,,,"2020-03-16","2020-09-02","2020-03-12",,"2020-03-15",,"2020-03-23","2020-05-11"
"Querétaro",4664,"2020-07-01","2020-07-01","2021-02-03","2020-09-08","2020-09-08","2021-02-02","2020-09-07","2020-09-07","2021-02-02",1718,160,1254,137,464,23,,,"2020-06-22",,"2020-03-15",,"2020-03-13",,"2020-03-23",,"2020-03-30",
"Quintana Roo",4665,"2020-07-23","2020-07-23","2020-07-23","2020-07-30","2020-07-30","2020-07-30","2020-07-30","2020-07-30","2020-07-30",1382,95,1070,84,312,11,,,"2020-06-22",,"2020-03-22",,"2020-03-24",,"2020-03-23",,"2020-03-30",
"Rajasthan",4868,"2021-02-01","2021-03-03","2021-03-30","2021-02-01","2021-03-03","2021-03-30","2021-02-01","2021-03-03","2021-03-29",,,,,,,"2020-03-22","2020-05-25","2020-03-22","2020-06-01","2020-03-22",,"2020-03-19",,"2020-03-22",,"2020-03-22","2020-05-14"
"Republic of Korea",68,"2020-04-05","2020-04-05","2021-05-12","2021-02-01","2020-03-28","2021-05-10","2021-02-01","2020-03-28","2021-05-10",435097,9642,289829,5981,145268,3661,,,,,"2020-03-02","2020-06-08",,,"2020-03-22",,,
"Republic of Moldova",61,"2020-12-08","2020-11-14","2021-01-08","2020-12-08","2020-11-14","2021-01-08","2020-12-07","2020-11-13","2021-01-08",18319,393,14870,279,3449,114,,,"2020-03-25","2020-05-16","2020-03-11",,"2020-03-10",,"2020-03-13",,"2020-03-16","2020-06-01"
"Rhineland-Palatinate",60387,"2021-02-01","2021-01-06","2021-03-25","2021-02-01","2020-12-31","2021-03-24","2021-02-01","2020-12-30","2021-03-24",,,,,,,,,"2020-03-22","2020-05-13","2020-03-16",,"2020-03-22",,"2020-03-23",,"2020-03-23","2020-04-20"
"Rhode Island",562,"2021-02-01","2020-05-03","2021-05-06","2020-05-23","2020-05-23","2020-05-23","2020-05-22","2020-05-22","2020-05-22",2757,153,1962,111,795,42,,,"2020-03-28","2020-05-09","2020-03-16",,"2020-03-17",,"2020-03-17",,,
"Rio Grande do Norte",4769,"2020-06-29","2020-06-29","2020-06-29","2020-07-01","2020-07-01","2020-07-01","2020-07-01","2020-07-01","2020-07-01",6557,406,5076,346,1481,60,"2020-06-04",,,,"2020-03-24",,"2020-04-01",,"2020-04-01",,"2020-04-01",
"Rio Grande do Sul",4772,"2020-09-19","2020-09-19","2020-11-02","2020-08-05","2020-08-05","2020-11-02","2020-08-04","2020-08-04","2020-11-01",27493,1582,21064,1343,6429,239,,,,,"2020-04-01",,"2020-03-19",,"2020-03-19",,"2020-04-01","2020-04-08"
"Rio de Janeiro",4768,"2020-05-24","2020-05-24","2020-05-24","2020-05-28","2020-05-28","2020-05-28","2020-05-27","2020-05-27","2020-05-27",34586,3862,26744,3297,7842,565,,,"2020-03-30",,"2020-03-13",,"2020-03-13",,"2020-03-16",,,
"Romania",52,"2020-11-29","2020-11-15","2020-12-19","2020-11-27","2020-11-15","2020-12-19","2020-11-27","2020-11-15","2020-12-19",127491,4786,95585,3042,31906,1744,,,"2020-03-23","2020-05-15","2020-03-11",,"2020-03-06",,"2020-03-21",,"2020-03-21","2020-05-15"
"Rondônia",4770,"2020-06-16","2020-06-16","2020-06-16","2020-06-17","2020-06-17","2020-06-17","2020-06-17","2020-06-17","2020-06-17",3752,201,2902,171,850,30,,,,,"2020-03-17",,"2020-03-20",,"2020-03-20",,"2020-03-20",
"Roraima",4771,"2020-05-23","2020-05-23","2020-05-23","2020-06-29","2020-06-29","2020-06-29","2020-06-28","2020-06-28","2020-06-28",1020,24,791,20,229,4,,,,,"2020-03-17",,"2020-03-16",,"2020-03-22",,"2020-03-27",
"Russian Federation",62,"2021-01-01","2020-12-18","2021-01-10","2020-12-31","2020-12-18","2021-01-10","2020-12-30","2020-12-18","2021-01-10",1121647,20040,915991,14360,205656,5680,,,,,"2020-03-23","2020-09-01",,,"2020-03-30",,"2020-03-30","2020-05-12"
"Rwanda",185,"2020-08-29","2020-08-29","2021-12-26","2021-02-01","2020-08-28","2021-12-26","2021-02-01","2020-08-27","2021-12-26",19408,65,8740,25,10668,40,"2020-03-21",,"2020-03-21","2020-05-04","2020-03-16",,"2020-03-17",,"2020-03-21",,"2020-03-21","2020-05-04"
"Saarland",60388,"2020-04-18","2020-04-18","2021-05-08","2020-04-16","2020-04-16","2021-04-20","2020-04-15","2020-04-15","2021-04-20",,,,,,,,,"2020-03-21","2020-05-18","2020-03-16",,"2020-03-21",,"2020-03-15",,,
"San Luis Potosí",4666,"2020-08-14","2020-08-14","2020-08-14","2020-08-14","2020-08-14","2020-08-14","2020-08-13","2020-08-13","2020-08-13",2540,116,1770,97,770,19,,,"2020-06-22",,"2020-03-22",,"2020-03-20",,"2020-03-22",,"2020-03-30",
"San Marino",396,"2020-03-23","2020-03-23","2020-03-23","2020-03-21","2020-03-21","2020-03-21","2020-03-20","2020-03-20","2020-03-20",147,2,93,1,54,1,,,,,"2020-02-23",,"2020-03-08","2020-06-15","2020-03-08",,,
"Santa Catarina",4773,"2020-08-07","2020-08-07","2020-08-07","2020-08-09","2020-08-09","2020-08-09","2020-08-08","2020-08-08","2020-08-08",14395,783,11070,666,3325,117,,,,,"2020-03-19",,"2020-03-17",,"2020-03-17",,"2020-03-17","2020-04-13"
"Sao Tome and Principe",215,"2020-05-16","2020-05-16","2020-05-16","2020-05-17","2020-05-17","2021-05-03","2020-05-16","2020-05-16","2021-05-03",467,1,251,0,216,1,,,,,"2020-03-19",,"2020-03-19",,"2020-03-19",,,
"Sardegna",35514,"2021-02-01","2021-01-16","2021-04-14","2021-02-01","2020-04-03","2021-04-12","2021-02-01","2020-04-03","2021-04-12",6016,125,4663,88,1353,37,"2020-03-22","2020-05-04","2020-03-11","2020-06-03","2020-03-05",,"2020-03-11",,"2020-03-11","2020-06-15","2020-03-11","2020-04-14"
"Saskatchewan",43869,"2020-06-01","2020-06-01","2021-05-24","2020-05-28","2020-05-28","2021-05-23","2020-05-28","2020-05-28","2021-05-22",,,,,,,,,,,"2020-03-20",,"2020-03-13",,"2020-03-18",,,
"Saudi Arabia",152,"2021-02-01","2020-06-25","2021-03-02","2021-02-01","2021-02-08","2021-03-04","2021-02-01","2021-02-08","2021-03-03",73872,7814,46291,4759,27581,3055,"2020-03-26","2020-05-31","2020-05-25","2020-06-21","2020-03-09",,"2020-03-15",,"2020-03-15",,"2020-03-15","2020-04-29"
"Saxony",60390,"2021-01-28","2021-01-03","2021-04-13","2021-01-26","2020-12-27","2021-04-12","2021-01-26","2020-12-27","2021-04-11",,,,,,,,,"2020-03-23","2020-04-20","2020-03-23","2020-07-18","2020-03-23",,"2020-03-23",,"2020-03-23","2020-04-20"
"Saxony-Anhalt",60389,"2021-02-01","2020-04-09","2021-05-16","2021-02-01","2020-04-07","2021-05-14","2021-02-01","2020-04-07","2021-05-14",,,,,,,,,"2020-03-22","2020-05-04","2020-03-16","2020-06-15","2020-03-22",,"2020-03-24",,"2020-03-24","2020-04-20"
"Schleswig-Holstein",60391,"2021-02-01","2020-04-20","2021-05-19","2021-02-01","2020-04-17","2021-05-13","2021-02-01","2020-04-17","2021-05-13",,,,,,,,,"2020-03-24","2020-05-09","2020-03-16",,"2020-03-24",,"2020-03-14",,"2020-03-24","2020-04-20"
"Scotland",434,"2021-01-11","2020-12-21","2021-01-26","2021-01-10","2020-04-15","2021-01-23","2021-01-09","2020-04-14","2021-01-23",21370,711,17896,545,3474,166,,,"2020-03-23","2020-05-28","2020-03-23","2020-08-18","2020-03-23",,"2020-03-23",,"2020-03-23","2020-05-28"
"Senegal",216,"2020-07-30","2020-07-30","2021-04-27","2020-06-28","2020-06-28","2021-04-27","2020-06-28","2020-06-28","2021-04-26",3955,35,2346,19,1609,16,,,,,"2020-03-16",,"2020-03-14",,,,,
"Serbia",53,"2021-02-01","2021-01-24","2021-04-27","2021-02-01","2021-01-24","2021-04-26","2021-02-01","2021-01-24","2021-04-26",40118,156,27423,87,12695,69,"2020-03-21","2020-04-23","2020-03-18","2020-05-07","2020-03-16",,"2020-03-11",,"2020-03-16",,"2020-03-16","2020-04-21"
"Sergipe",4774,"2020-07-21","2020-07-21","2020-07-21","2020-07-08","2020-07-08","2020-07-08","2020-07-07","2020-07-07","2020-07-07",2993,220,2341,189,652,31,,,,,"2020-03-16",,"2020-03-16",,"2020-03-20",,"2020-03-24","2020-04-16"
"Shandong",513,"2020-02-19","2020-02-19","2021-12-26","2021-02-01","2020-02-18","2021-12-26","2021-02-01","2020-02-17","2021-12-26",299770,4099,197076,2967,102694,1132,"2020-02-04","2020-02-18","2020-02-04","2020-02-18","2020-02-04","2020-02-18","2020-02-04","2020-02-18","2020-02-04","2020-02-18","2020-02-04","2020-02-18"
"Shanghai",514,"2020-04-02","2020-04-02","2021-12-26","2020-03-30","2020-03-30","2021-12-26","2020-03-29","2020-03-29","2021-12-26",82870,1140,54201,821,28669,319,"2020-02-10","2020-03-24","2020-02-10","2020-03-24","2020-02-10","2020-03-24","2020-02-10","2020-03-24","2020-02-10","2020-03-24","2020-02-10","2020-03-24"
"Sicilia",35513,"2021-01-03","2020-12-15","2021-02-13","2021-01-01","2020-12-15","2021-02-13","2021-01-01","2020-12-15","2021-02-13",18889,389,14663,276,4226,113,"2020-03-22","2020-05-04","2020-03-11","2020-06-03","2020-03-05",,"2020-03-11",,"2020-03-11","2020-06-15","2020-03-11","2020-04-14"
"Sierra Leone",217,"2021-02-01","2020-05-15","2021-12-26","2021-02-01","2020-05-15","2021-12-26","2021-02-01","2020-05-15","2021-12-26",4124,28,2402,15,1722,13,,,"2020-04-05","2020-04-08","2020-03-31",,"2020-03-16",,"2020-04-11",,"2020-04-11",
"Sinaloa",4667,"2020-07-02","2020-07-02","2020-07-02","2020-07-24","2020-07-24","2020-11-01","2020-07-24","2020-07-24","2020-11-01",2992,155,2128,131,864,24,,,,,"2020-03-19",,"2020-03-20",,"2020-03-23",,"2020-03-30",
"Sindh",53621,"2021-02-01","2020-07-08","2021-04-14","2021-02-01","2020-07-08","2021-04-17","2021-02-01","2020-07-08","2021-04-16",31732,848,25637,670,6095,178,,,"2020-03-22","2020-05-09","2020-03-01",,"2020-03-22",,"2020-03-22",,"2020-03-22","2020-04-15"
"Singapore",69,"2020-06-07","2020-06-07","2021-12-26","2020-05-01","2020-05-01","2021-12-26","2020-04-30","2020-04-30","2021-12-26",14180,345,11275,260,2905,85,,,"2020-04-07","2020-06-02","2020-04-08","2020-06-29","2020-03-20",,"2020-03-26",,"2020-04-07","2020-06-02"
"Slovakia",54,"2021-01-26","2021-01-03","2021-04-04","2021-01-25","2021-01-03","2021-04-03","2021-01-24","2021-01-01","2021-04-03",32736,656,22339,365,10397,291,"2020-04-08","2020-04-14",,,"2020-03-12","2020-09-02","2020-03-12",,"2020-03-16","2020-06-03","2020-03-16","2020-03-30"
"Slovenia",55,"2021-01-12","2020-12-21","2021-03-24","2021-01-11","2020-12-19","2021-03-23","2021-01-11","2020-12-19","2021-03-23",9371,213,6642,125,2729,88,"2020-03-16","2020-04-30",,,"2020-03-16","2020-09-01","2020-03-12",,"2020-03-15",,"2020-03-15","2020-04-20"
"Somalia",187,"2020-04-30","2020-04-30","2021-06-24","2020-05-02","2020-05-02","2021-06-22","2020-05-01","2020-05-01","2021-06-24",13186,65,6374,28,6812,37,,,,,"2020-03-19","2020-08-15","2020-03-19","2020-05-29",,,,
"Sonora",4668,"2020-07-02","2020-07-02","2020-07-02","2020-07-26","2020-07-26","2020-07-26","2020-07-25","2020-07-25","2020-07-25",3470,175,2350,144,1120,31,,,"2020-04-12",,"2020-03-16",,"2020-03-17",,"2020-03-23",,"2020-03-30",
"South Africa",196,"2020-08-02","2020-08-02","2020-08-02","2020-08-04","2020-08-04","2021-08-30","2020-08-04","2020-08-04","2021-08-29",133337,3565,82465,2137,50872,1428,"2020-03-27",,"2020-03-27","2020-06-01","2020-03-18",,"2020-03-15",,"2020-03-27",,"2020-03-27","2020-05-01"
"South Asia",159,"2021-02-01","2021-02-10","2021-03-18","2021-02-01","2021-02-09","2021-03-18","2021-02-01","2021-02-09","2021-03-17",,,,,,,,,,,,,,,,,,
"South Carolina",563,"2020-07-24","2020-07-24","2021-03-15","2020-07-30","2020-07-30","2021-03-01","2020-07-30","2020-07-30","2021-03-01",13707,1244,9027,839,4680,405,,,"2020-04-07","2020-05-04","2020-03-16",,"2020-03-18",,"2020-03-18","2020-08-03",,
"South Dakota",564,"2020-11-04","2020-10-30","2021-01-14","2020-11-03","2020-10-31","2021-01-15","2020-11-03","2020-10-31","2021-01-13",4733,202,2927,128,1806,74,,,,,"2020-03-16",,"2020-04-06","2020-04-28",,,,
"South Sudan",435,"2021-02-01","2020-06-13","2021-05-15","2021-02-01","2020-06-14","2021-05-16","2021-02-01","2020-06-13","2021-05-15",9007,37,4186,15,4821,22,"2020-04-12",,"2020-05-01","2020-07-08","2020-03-20",,"2020-03-20",,"2020-03-28",,"2020-03-28","2020-05-08"
"Spain",92,"2020-03-31","2020-03-31","2021-01-09","2020-03-31","2020-03-31","2020-03-31","2020-03-30","2020-03-30","2020-03-30",139677,3397,106153,2322,33524,1075,,,,,,,,,,,,
"Sri Lanka",17,"2021-02-01","2020-04-04","2021-12-26","2021-02-01","2020-04-04","2021-12-26","2021-02-01","2020-04-03","2021-12-26",56868,971,36099,676,20769,295,"2020-03-24","2020-04-27",,,"2020-03-13","2020-08-10","2020-03-14",,"2020-03-14",,,
"Sub-Saharan Africa",166,"2021-02-01","2020-08-02","2021-04-01","2021-02-01","2020-08-05","2021-03-31","2021-02-01","2020-08-05","2021-03-30",,,,,,,,,,,,,,,,,,
"Sudan",522,"2020-06-02","2020-06-02","2020-06-02","2020-06-05","2020-06-05","2020-06-05","2020-06-04","2020-06-04","2020-06-04",27301,1816,18210,1189,9091,627,"2020-04-12",,"2020-05-01","2020-07-08","2020-03-15",,"2020-03-15",,,,,
"Suriname",118,"2021-01-20","2020-08-28","2021-03-25","2021-01-20","2020-08-26","2021-03-22","2021-01-19","2020-08-25","2021-03-21",1499,26,1193,20,306,6,,,"2020-06-04","2020-06-12","2020-03-16",,"2020-04-06",,"2020-03-29",,,
"Sweden",93,"2021-02-01","2021-02-04","2021-04-08","2020-04-12","2020-04-12","2021-03-26","2020-04-12","2020-04-12","2021-03-26",30183,1077,23103,367,7080,710,,,,,,,"2020-03-11",,,,,
"Switzerland",94,"2021-02-01","2020-04-05","2021-04-06","2021-02-01","2020-04-05","2021-03-27","2021-02-01","2020-04-04","2021-03-27",40861,772,34259,593,6602,179,,,,,"2020-03-13","2020-06-08","2020-02-28",,"2020-03-16",,"2020-03-16","2020-04-27"
"Syrian Arab Republic",153,"2021-02-01","2021-02-17","2021-04-17","2021-02-01","2021-02-17","2021-04-17","2021-02-01","2021-02-17","2021-04-16",22567,1022,14321,631,8246,391,"2020-03-23","2020-05-10",,,"2020-03-14",,"2020-03-24",,"2020-03-22",,"2020-03-22","2020-04-18"
"São Paulo",4775,"2020-05-08","2020-05-08","2020-05-08","2020-07-20","2020-07-20","2020-07-20","2020-07-20","2020-07-20","2020-07-20",84259,7859,65009,6701,19250,1158,,,,,"2020-03-23",,"2020-03-14",,"2020-03-24",,"2020-03-24","2020-05-29"
"Tabasco",4669,"2020-07-05","2020-07-05","2020-07-05","2020-07-21","2020-07-21","2020-07-21","2020-07-21","2020-07-21","2020-07-21",2056,97,1425,81,631,16,,,,,"2020-03-22",,"2020-03-14",,"2020-03-23",,"2020-04-01",
"Taiwan (Province of China)",8,"2020-04-02","2020-04-02","2020-04-02","2020-03-31","2020-03-31","2020-03-31","2020-03-30","2020-03-30","2020-03-30",146833,6368,94162,4552,52671,1816,,,,,"2020-02-02","2020-02-25",,,,,,
"Tajikistan",39,"2021-02-01","2021-03-13","2021-04-20","2021-02-01","2021-03-13","2021-04-21","2021-02-01","2021-03-12","2021-04-20",47495,954,32931,554,14564,400,,,,,"2020-05-04","2020-08-17","2020-04-25",,,,,
"Tamaulipas",4670,"2020-08-10","2020-08-10","2020-12-26","2020-08-10","2020-08-10","2020-11-04","2020-08-09","2020-08-09","2020-11-03",3791,195,2346,152,1445,43,,,"2020-06-22",,"2020-03-16",,"2020-03-13",,"2020-03-23",,"2020-03-30",
"Tamil Nadu",4870,"2021-02-01","2021-03-02","2021-04-05","2021-02-01","2021-03-02","2021-04-05","2021-02-01","2021-03-02","2021-04-04",,,,,,,"2020-03-24","2020-04-29","2020-03-24","2020-06-01","2020-03-24",,"2020-03-23",,"2020-03-24",,"2020-03-24","2020-04-29"
"Telangana",4871,"2021-02-01","2021-03-08","2021-04-20","2021-02-01","2021-03-08","2021-04-20","2021-02-01","2021-03-08","2021-04-20",,,,,,,"2020-03-22","2020-05-19","2020-03-22","2020-06-08","2020-03-14",,"2020-03-22",,"2020-03-22",,"2020-03-22","2020-05-19"
"Tennessee",565,"2020-11-25","2020-11-05","2021-01-01","2020-11-24","2020-11-04","2021-01-01","2020-11-23","2020-11-03","2021-01-01",21784,1834,13972,1205,7812,629,,,"2020-04-02","2020-05-26","2020-03-20",,"2020-03-23",,"2020-03-23",,"2020-04-01","2020-05-26"
"Texas",566,"2020-07-24","2020-07-24","2021-02-28","2020-08-12","2020-08-12","2021-03-02","2020-08-11","2020-08-11","2021-03-01",77428,6378,48794,4118,28634,2260,,,"2020-04-02","2020-05-01","2020-03-19",,"2020-03-21","2020-06-04","2020-03-21",,,
"Thailand",18,"2020-04-10","2020-04-10","2021-12-26","2021-02-01","2020-04-09","2021-12-26","2021-02-01","2020-04-09","2021-12-26",119587,6899,76785,4855,42802,2044,,,,,"2020-03-18","2020-08-13",,,,,,
"Thuringia",60392,"2021-02-01","2020-05-10","2021-05-16","2021-02-01","2020-05-04","2021-05-13","2021-02-01","2020-05-04","2021-05-13",,,,,,,,,"2020-03-22","2020-05-13","2020-03-17","2020-06-13","2020-03-22","2020-06-13","2020-03-15",,,
"Tlaxcala",4671,"2020-07-05","2020-07-05","2020-07-05","2020-07-27","2020-07-27","2020-07-27","2020-07-27","2020-07-27","2020-07-27",992,41,632,32,360,9,,,,,"2020-03-15",,"2020-03-27",,"2020-03-23",,"2020-03-23",
"Tocantins",4776,"2020-09-01","2020-09-01","2020-09-01","2020-08-28","2020-08-28","2020-08-28","2020-08-28","2020-08-28","2020-08-28",2544,115,1980,98,564,17,,,,,"2020-03-18",,"2020-03-21",,"2020-05-05",,"2020-05-05",
"Togo",218,"2021-02-01","2020-09-14","2021-04-12","2021-02-01","2020-09-16","2021-04-12","2021-02-01","2020-09-16","2021-04-12",5978,33,3413,17,2565,16,,,,,"2020-03-20",,"2020-03-20",,"2020-03-21",,,
"Toscana",35503,"2021-01-16","2020-12-24","2021-02-19","2021-01-15","2020-12-24","2021-02-18","2021-01-15","2020-12-24","2021-02-18",12949,277,10030,196,2919,81,"2020-03-22","2020-05-04","2020-03-11","2020-06-03","2020-03-05",,"2020-03-11",,"2020-03-11","2020-06-15","2020-03-11","2020-04-14"
"Trinidad and Tobago",119,"2020-09-10","2020-09-10","2021-03-13","2020-09-09","2020-09-09","2021-03-12","2020-09-09","2020-09-09","2021-03-12",3641,32,2293,20,1348,12,,,"2020-03-30","2020-05-24","2020-03-16",,"2020-03-16",,"2020-03-17",,"2020-03-30","2020-05-11"
"Tripura",4872,"2020-09-11","2020-09-11","2021-03-13","2020-09-13","2020-09-13","2021-03-15","2020-09-12","2020-09-12","2021-03-14",,,,,,,"2020-03-24","2020-05-18","2020-03-24","2020-06-01","2020-03-17",,"2020-03-24",,"2020-03-24",,"2020-03-24","2020-04-21"
"Tunisia",154,"2020-12-10","2020-11-11","2021-01-06","2020-12-10","2020-11-09","2021-01-06","2020-12-09","2020-11-08","2021-01-05",21009,894,13202,546,7807,348,,,"2020-03-22","2020-05-15","2020-03-13",,"2020-03-16","2020-06-08","2020-03-13","2020-06-08","2020-03-22","2020-05-04"
"Turkey",155,"2021-02-01","2021-02-23","2021-03-21","2021-02-01","2021-02-20","2021-03-20","2021-02-01","2021-02-20","2021-03-20",205125,24736,133316,15726,71809,9010,,,,,"2020-03-16",,"2020-03-16","2020-05-29","2020-03-16",,,
"Uganda",190,"2021-02-01","2021-01-24","2021-04-01","2021-02-01","2021-01-26","2021-04-01","2021-02-01","2021-01-25","2021-04-01",39618,82,19035,35,20583,47,"2020-03-30","2020-05-26","2020-03-30","2020-06-02","2020-03-20",,"2020-03-18",,"2020-03-18",,"2020-03-30","2020-05-04"
"Ukraine",63,"2020-12-20","2020-12-02","2021-01-03","2020-12-19","2020-12-02","2021-01-03","2020-12-18","2020-12-02","2021-01-03",365132,6303,325256,4940,39876,1363,,,"2020-04-03","2020-06-05","2020-03-12",,"2020-03-12",,"2020-03-12",,"2020-03-17","2020-05-11"
"Umbria",35504,"2021-01-14","2020-04-01","2021-04-15","2021-01-10","2020-03-26","2021-04-11","2021-01-10","2020-03-26","2021-04-11",3223,68,2497,48,726,20,"2020-03-22","2020-05-04","2020-03-11","2020-06-03","2020-03-05",,"2020-03-11",,"2020-03-11","2020-06-15","2020-03-11","2020-04-14"
"United Arab Emirates",156,"2021-01-28","2020-05-06","2021-03-03","2021-01-29","2021-01-08","2021-03-05","2021-01-28","2021-01-08","2021-03-05",14240,659,9079,409,5161,250,,,"2020-03-23","2020-04-24","2020-03-08",,"2020-03-23",,"2020-03-23",,,
"United Kingdom",95,"2021-01-09","2020-12-12","2021-02-02","2020-04-15","2020-04-15","2021-01-31","2020-04-15","2020-04-15","2021-01-31",190078,5872,159673,4520,30405,1352,,,"2020-03-23","2020-06-19","2020-03-23",,"2020-03-16",,"2020-03-20",,"2020-03-24","2020-06-29"
"United States Virgin Islands",422,"2021-02-01","2020-09-01","2021-03-28","2021-02-01","2020-08-30","2021-03-25","2021-02-01","2020-08-30","2021-03-23",217,4,136,2,81,2,,,"2020-03-25","2020-05-04","2020-03-18",,"2020-03-21",,"2020-03-23","2020-06-01","2020-03-25","2020-05-04"
"United States of America",102,"2021-01-21","2021-01-08","2021-02-10","2021-01-17","2020-04-15","2021-02-05","2021-01-17","2020-04-15","2021-02-04",,,,,,,,,,,,,,,,,,
"Uruguay",99,"2020-04-16","2020-04-16","2021-11-24","2020-04-19","2020-04-19","2021-11-24","2020-04-19","2020-04-19","2021-11-24",8168,704,6106,428,2062,276,,,,,"2020-03-15","2020-06-29",,,"2020-03-17",,,
"Utah",567,"2020-12-14","2020-11-25","2021-01-23","2020-12-14","2020-11-25","2021-01-24","2020-12-14","2020-11-25","2021-01-23",6726,428,3955,257,2771,171,,,,,"2020-03-16",,"2020-03-19","2020-05-01","2020-03-19",,,
"Uttar Pradesh",4873,"2021-02-01","2020-09-03","2021-04-15","2021-02-01","2020-09-19","2021-04-15","2021-02-01","2020-09-19","2021-04-15",,,,,,,"2020-03-25","2020-05-20","2020-03-25","2020-06-01","2020-03-25",,"2020-03-25",,"2020-03-25",,"2020-03-25","2020-05-20"
"Uttarakhand",4874,"2021-01-27","2021-01-03","2021-03-09","2021-01-27","2021-01-03","2021-03-09","2021-01-27","2021-01-02","2021-03-08",,,,,,,"2020-03-22","2020-05-04","2020-03-22","2020-06-01","2020-03-13",,"2020-03-22",,"2020-03-22",,"2020-03-22","2020-04-24"
"Uzbekistan",41,"2021-02-01","2020-08-31","2021-04-07","2021-02-01","2020-08-16","2021-04-07","2021-02-01","2020-08-15","2021-04-07",153923,3322,129698,2463,24225,859,"2020-03-27","2020-05-18","2020-03-27","2020-08-15","2020-03-16",,"2020-03-23",,"2020-03-21",,,
"Valencian Community",60371,"2021-01-14","2020-03-31","2021-03-26","2020-04-01","2020-04-01","2021-02-28","2020-04-01","2020-04-01","2021-02-28",,,,,,,,,"2020-03-15","2020-05-11","2020-03-14",,"2020-03-15",,"2020-03-15",,"2020-03-15","2020-04-13"
"Valle d'Aosta",35495,"2020-04-09","2020-04-09","2021-01-23","2020-03-30","2020-03-30","2020-03-30","2020-03-30","2020-03-30","2020-03-30",438,9,339,6,99,3,"2020-03-22","2020-05-04","2020-03-11","2020-06-03","2020-03-05",,"2020-03-11",,"2020-03-11","2020-06-15","2020-03-11","2020-04-14"
"Veneto",35500,"2021-01-02","2020-12-02","2021-02-06","2021-01-01","2020-12-02","2021-02-05","2021-01-01","2020-12-02","2021-02-05",17248,368,13357,260,3891,108,"2020-03-22","2020-05-04","2020-03-11","2020-06-03","2020-03-01",,"2020-02-22",,"2020-02-22","2020-06-15","2020-03-11","2020-04-14"
"Venezuela (Bolivarian Republic of)",133,"2021-02-01","2020-09-20","2021-04-28","2021-02-01","2020-09-19","2021-04-28","2021-02-01","2020-09-19","2021-04-27",27906,1218,17002,553,10904,665,"2020-03-17",,"2020-03-20",,"2020-03-16",,"2020-03-12",,"2020-03-16",,"2020-03-16","2020-06-01"
"Veracruz de Ignacio de la Llave",4672,"2020-12-26","2020-06-13","2021-02-04","2020-12-26","2020-11-14","2021-02-08","2020-12-25","2020-11-14","2021-02-08",6314,197,4085,158,2229,39,,,,,"2020-03-16",,"2020-03-16",,"2020-03-23",,"2020-03-30",
"Vermont",568,"2020-04-17","2020-04-17","2020-04-17","2020-04-18","2020-04-18","2021-05-11","2020-04-18","2020-04-18","2021-05-11",1525,102,992,68,533,34,,,"2020-03-24","2020-05-15","2020-03-18",,"2020-03-13",,"2020-03-17",,"2020-03-25","2020-05-04"
"Virginia",569,"2021-01-26","2020-12-25","2021-04-10","2021-01-24","2020-12-12","2021-04-08","2021-01-24","2020-12-04","2021-04-08",23270,1241,16689,912,6581,329,,,"2020-03-30","2020-06-05","2020-03-16",,"2020-03-15",,"2020-03-17",,"2020-03-24","2020-05-15"
"Wales",4636,"2021-01-27","2020-04-12","2021-04-14","2020-04-16","2020-04-16","2021-01-17","2020-04-16","2020-04-16","2021-01-18",11127,387,9326,297,1801,90,"2020-06-01","2020-07-06","2020-03-23","2020-06-01","2020-03-23",,"2020-03-23",,"2020-03-23",,"2020-03-23","2020-06-22"
"Washington",570,"2021-02-01","2021-01-03","2021-03-22","2021-02-01","2021-01-02","2021-03-22","2021-02-01","2021-01-01","2021-03-22",15235,1116,10328,775,4907,341,,,"2020-03-23","2020-07-03","2020-03-13",,"2020-03-11",,"2020-03-16",,"2020-03-25","2020-07-03"
"West Bengal",4875,"2021-02-01","2021-01-27","2021-03-03","2021-02-01","2021-01-28","2021-03-03","2021-02-01","2021-01-27","2021-03-03",,,,,,,"2020-03-24","2020-05-05","2020-03-24","2020-06-01","2020-03-14",,"2020-03-24",,"2020-03-24",,"2020-03-24","2020-05-05"
"West Virginia",571,"2021-02-01","2020-12-18","2021-04-27","2021-02-01","2020-09-12","2021-04-25","2021-02-01","2020-09-11","2021-04-25",8403,568,5371,372,3032,196,,,"2020-03-25","2020-05-04","2020-03-14",,"2020-03-24",,"2020-03-18",,"2020-03-24","2020-05-04"
"Wisconsin",572,"2020-12-16","2020-11-15","2021-01-07","2020-12-15","2020-11-14","2021-01-08","2020-12-15","2020-11-14","2021-01-06",14232,476,8867,303,5365,173,,,"2020-03-25","2020-05-13","2020-03-18",,"2020-03-17",,"2020-03-17",,"2020-03-25","2020-05-11"
"Wyoming",573,"2021-02-01","2020-10-09","2021-05-04","2021-02-01","2020-08-23","2021-05-04","2021-02-01","2020-08-23","2021-05-03",2453,105,1384,60,1069,45,,,,,"2020-03-19",,"2020-03-20",,"2020-03-19","2020-05-15",,
"Yemen",157,"2020-06-22","2020-06-22","2020-06-22","2020-06-17","2020-06-17","2021-04-18","2020-06-16","2020-06-16","2021-04-18",20609,1388,13845,916,6764,472,,,,,"2020-03-25",,,,,,,
"Yucatán",4673,"2020-07-05","2020-07-05","2020-07-05","2020-08-06","2020-08-06","2021-01-26","2020-08-06","2020-08-06","2021-01-26",2243,147,1875,134,368,13,,,"2020-06-22",,"2020-03-16",,"2020-03-26",,"2020-03-23",,"2020-03-30",
"Zacatecas",4674,"2020-12-19","2020-10-06","2021-02-10","2020-12-18","2020-09-03","2021-02-07","2020-12-18","2020-09-03","2021-02-07",1394,56,879,44,515,12,,,"2020-06-22",,"2020-03-23",,"2020-03-15",,"2020-03-23",,"2020-03-30",
"Zambia",191,"2020-08-02","2020-08-02","2020-08-02","2020-08-09","2020-08-09","2020-08-09","2020-08-08","2020-08-08","2020-08-08",28124,95,12690,37,15434,58,,,,,"2020-03-20","2020-09-14","2020-03-25",,"2020-03-25",,,
"Zimbabwe",198,"2020-08-27","2020-08-27","2021-09-19","2020-08-20","2020-08-20","2021-09-20","2020-08-20","2020-08-20","2021-09-19",25275,719,16169,448,9106,271,,,"2020-03-30",,"2020-03-23",,"2020-03-23",,"2020-03-23",,"2020-03-30","2020-04-20"
